<?xml version="1.0" encoding="UTF-8"?>
<!DOCTYPE DataAdapter [] >
  <PackageEntry>
    <ImportDeclaration
        name="CHANN_EMAIL_INDEX_FAILURE">
      <PackageSpecifier
          name="">
        <PackageName
            name="CoreEmail" />
        <PackageName
            name="Implementation" />
        <PackageName
            name="Database" />
      </PackageSpecifier>
      <PackageEntryReference
          name="CHANN_EMAIL_INDEX_FAILURE" />
    </ImportDeclaration>
    <ImportDeclaration
        name="EIChannelConfig">
      <PackageSpecifier
          name="">
        <PackageName
            name="CoreChannels" />
        <PackageName
            name="API" />
        <PackageName
            name="Interfaces" />
      </PackageSpecifier>
      <PackageEntryReference
          name="EIChannelConfig" />
    </ImportDeclaration>
    <ImportDeclaration
        name="EmailIndex">
      <PackageSpecifier
          name="">
        <PackageName
            name="CoreEmail" />
        <PackageName
            name="Implementation" />
        <PackageName
            name="Email" />
        <PackageName
            name="EmailIndex" />
      </PackageSpecifier>
      <PackageEntryReference
          name="EmailIndex" />
    </ImportDeclaration>
    <ImportDeclaration
        name="NumberUtil">
      <PackageSpecifier
          name="">
        <PackageName
            name="FrameworkCommon" />
        <PackageName
            name="API" />
        <PackageName
            name="Objects" />
      </PackageSpecifier>
      <PackageEntryReference
          name="NumberUtil" />
    </ImportDeclaration>
    <ImportDeclaration
        name="Globals">
      <PackageSpecifier
          name="">
        <PackageName
            name="FrameworkCommon" />
        <PackageName
            name="API" />
        <PackageName
            name="Objects" />
      </PackageSpecifier>
      <PackageEntryReference
          name="Globals" />
    </ImportDeclaration>
    <ImportDeclaration
        name="Log">
      <PackageSpecifier
          name="">
        <PackageName
            name="FrameworkCommon" />
        <PackageName
            name="API" />
        <PackageName
            name="Logging" />
      </PackageSpecifier>
      <PackageEntryReference
          name="Log" />
    </ImportDeclaration>
    <ImportDeclaration
        name="StringUtil">
      <PackageSpecifier
          name="">
        <PackageName
            name="FrameworkCommon" />
        <PackageName
            name="API" />
        <PackageName
            name="Objects" />
      </PackageSpecifier>
      <PackageEntryReference
          name="StringUtil" />
    </ImportDeclaration>
    <DataAdapter
        designNotes="Undefined"
        isPrivate="false"
        name="EmailIndexFailureAdapter"
        nested="false"
        version="10">
      <ClassProcedures
          name="">
        <Procedure
            name="lockEmailIndexFailures"
            nested="true" />
        <Procedure
            name="expireOldLocks"
            nested="true" />
        <Procedure
            name="handleRemoveExpiredLockException"
            nested="true" />
        <Procedure
            name="updateFailureToProcess"
            nested="true" />
        <Procedure
            name="handleUpdateLockFailure"
            nested="true" />
        <Procedure
            name="handleUpdateRowFailure"
            nested="true" />
        <Procedure
            name="removeByEmailID"
            nested="true" />
      </ClassProcedures>
      <DataGraph
          exceptionStrategy="1"
          name="listAll">
        <ResultDataNode
            condition=""
            id="1"
            name=""
            sector="0"
            synchronisation="false"
            violates_sync="false"
            x="1126"
            y="107">
          <ObjectField
              isAggregate="false"
              isAttribute="false"
              name="result">
            <ObjectField_loc
                locale="">
              <Format />
            </ObjectField_loc>
            <TypeDefinitionReference
                name="EmailIndexFailureList"
                nested="false" />
          </ObjectField>
        </ResultDataNode>
        <FunctionDataNode
            builtIn="false"
            classMethod="false"
            compactView="false"
            condition=""
            id="3"
            iterating="false"
            listParameterName=""
            methodName="fetchByExample"
            name=""
            parameterNames="orderBy, whereClause"
            rowInstance="false"
            sector="0"
            syncNode="false"
            synchronisation="false"
            type="false"
            violates_sync="false"
            x="296"
            y="22">
          <RecordDefinitionReference
              name="CHANN_EMAIL_INDEX_FAILURE"
              nested="false" />
        </FunctionDataNode>
        <FunctionDataNode
            builtIn="false"
            classMethod="true"
            compactView="true"
            condition=""
            id="5"
            iterating="true"
            listParameterName="dbo"
            methodName="convertFromDBO"
            name=""
            parameterNames="dbo"
            rowInstance="false"
            sector="0"
            syncNode="false"
            synchronisation="false"
            type="false"
            violates_sync="false"
            x="686"
            y="72">
          <RecordDefinitionReference
              name="EmailIndexFailureAdapter"
              nested="false" />
        </FunctionDataNode>
        <FunctionDataNode
            builtIn="false"
            classMethod="true"
            compactView="false"
            condition=""
            id="6"
            iterating="false"
            listParameterName=""
            methodName="EmailIndexFailureList"
            name=""
            parameterNames=""
            rowInstance="false"
            sector="0"
            syncNode="false"
            synchronisation="false"
            type="false"
            violates_sync="false"
            x="442"
            y="127">
          <RecordDefinitionReference
              name="EmailIndexFailureList"
              nested="false" />
        </FunctionDataNode>
        <RecordDataNode
            builtIn="false"
            compactView="false"
            condition=""
            id="7"
            name=""
            rowInstance="false"
            sector="0"
            syncNode="false"
            synchronisation="false"
            type="false"
            violates_sync="false"
            x="16"
            y="17">
          <RecordDefinitionReference
              name="CHANN_EMAIL_INDEX_FAILURE"
              nested="false" />
        </RecordDataNode>
        <DataMapping
            condition=""
            destinationField=".sourceList"
            destinationID="5"
            optional="false"
            sourceField=".result"
            sourceID="3"
            violates_sync="true" />
        <DataMapping
            condition=""
            destinationField=".instance"
            destinationID="1"
            optional="false"
            sourceField=".destinationList"
            sourceID="5"
            violates_sync="true" />
        <DataMapping
            condition=""
            destinationField=".destinationList"
            destinationID="5"
            optional="false"
            sourceField=".instance"
            sourceID="6"
            violates_sync="true" />
        <DataMapping
            condition=""
            destinationField=".instance"
            destinationID="3"
            optional="false"
            sourceField=".instance"
            sourceID="7"
            violates_sync="true" />
      </DataGraph>
      <DataGraph
          exceptionStrategy="1"
          name="convertFromDBO">
        <ParameterDataNode
            condition=""
            id="0"
            name=""
            sector="0"
            synchronisation="false"
            violates_sync="false"
            x="12"
            y="12">
          <ObjectField
              isAggregate="false"
              isAttribute="false"
              name="dbo">
            <ObjectField_loc
                locale="">
              <Format />
            </ObjectField_loc>
            <TypeDefinitionReference
                name="CHANN_EMAIL_INDEX_FAILURE"
                nested="false" />
          </ObjectField>
        </ParameterDataNode>
        <ResultDataNode
            condition=""
            id="1"
            name=""
            sector="0"
            synchronisation="false"
            violates_sync="false"
            x="901"
            y="62">
          <ObjectField
              isAggregate="false"
              isAttribute="false"
              name="result">
            <ObjectField_loc
                locale="">
              <Format />
            </ObjectField_loc>
            <TypeDefinitionReference
                name="EmailIndexFailure"
                nested="false" />
          </ObjectField>
        </ResultDataNode>
        <RecordDataNode
            builtIn="false"
            compactView="false"
            condition=""
            id="2"
            name=""
            rowInstance="false"
            sector="0"
            syncNode="false"
            synchronisation="false"
            type="false"
            violates_sync="false"
            x="181"
            y="42">
          <RecordDefinitionReference
              name="CHANN_EMAIL_INDEX_FAILURE"
              nested="false" />
        </RecordDataNode>
        <RecordDataNode
            builtIn="false"
            compactView="false"
            condition=""
            id="3"
            name=""
            rowInstance="false"
            sector="0"
            syncNode="false"
            synchronisation="false"
            type="false"
            violates_sync="false"
            x="676"
            y="42">
          <RecordDefinitionReference
              name="EmailIndexFailure"
              nested="false" />
        </RecordDataNode>
        <FunctionDataNode
            builtIn="false"
            classMethod="true"
            compactView="false"
            condition=""
            id="4"
            iterating="false"
            listParameterName=""
            methodName="toBoolean"
            name=""
            parameterNames="string"
            rowInstance="false"
            sector="0"
            syncNode="false"
            synchronisation="false"
            type="false"
            violates_sync="false"
            x="451"
            y="2">
          <RecordDefinitionReference
              name="StringUtil"
              nested="false" />
        </FunctionDataNode>
        <DataMapping
            condition=""
            destinationField="emailId"
            destinationID="3"
            optional="false"
            sourceField="EMAIL_ID"
            sourceID="2"
            violates_sync="true" />
        <DataMapping
            condition=""
            destinationField=".instance"
            destinationID="1"
            optional="false"
            sourceField=".instance"
            sourceID="3"
            violates_sync="true" />
        <DataMapping
            condition=""
            destinationField=".instance"
            destinationID="2"
            optional="false"
            sourceField="dbo"
            sourceID="0"
            violates_sync="true" />
        <DataMapping
            condition=""
            destinationField="lastRetryTime"
            destinationID="3"
            optional="false"
            sourceField="LAST_RETRY_TIME"
            sourceID="2"
            violates_sync="true" />
        <DataMapping
            condition=""
            destinationField="retries"
            destinationID="3"
            optional="false"
            sourceField="RETRIES"
            sourceID="2"
            violates_sync="true" />
        <DataMapping
            condition=""
            destinationField="lockTimestamp"
            destinationID="3"
            optional="false"
            sourceField="LOCK_TIMESTAMP"
            sourceID="2"
            violates_sync="true" />
        <DataMapping
            condition=""
            destinationField="string"
            destinationID="4"
            optional="false"
            sourceField="IS_PROCESSING"
            sourceID="2"
            violates_sync="true" />
        <DataMapping
            condition=""
            destinationField="isProcessing"
            destinationID="3"
            optional="false"
            sourceField=".result"
            sourceID="4"
            violates_sync="true" />
      </DataGraph>
      <DataGraph
          exceptionStrategy="1"
          name="convertToDBO">
        <ParameterDataNode
            condition=""
            id="0"
            name=""
            sector="0"
            synchronisation="false"
            violates_sync="false"
            x="7"
            y="12">
          <ObjectField
              isAggregate="false"
              isAttribute="false"
              name="failure">
            <ObjectField_loc
                locale="">
              <Format />
            </ObjectField_loc>
            <TypeDefinitionReference
                name="EmailIndexFailure"
                nested="false" />
          </ObjectField>
        </ParameterDataNode>
        <ResultDataNode
            condition=""
            id="1"
            name=""
            sector="0"
            synchronisation="false"
            violates_sync="false"
            x="986"
            y="47">
          <ObjectField
              isAggregate="false"
              isAttribute="false"
              name="result">
            <ObjectField_loc
                locale="">
              <Format />
            </ObjectField_loc>
            <TypeDefinitionReference
                name="CHANN_EMAIL_INDEX_FAILURE"
                nested="false" />
          </ObjectField>
        </ResultDataNode>
        <RecordDataNode
            builtIn="false"
            compactView="false"
            condition=""
            id="2"
            name=""
            rowInstance="false"
            sector="0"
            syncNode="false"
            synchronisation="false"
            type="false"
            violates_sync="false"
            x="656"
            y="47">
          <RecordDefinitionReference
              name="CHANN_EMAIL_INDEX_FAILURE"
              nested="false" />
        </RecordDataNode>
        <RecordDataNode
            builtIn="false"
            compactView="false"
            condition=""
            id="3"
            name=""
            rowInstance="false"
            sector="0"
            syncNode="false"
            synchronisation="false"
            type="false"
            violates_sync="false"
            x="176"
            y="47">
          <RecordDefinitionReference
              name="EmailIndexFailure"
              nested="false" />
        </RecordDataNode>
        <FunctionDataNode
            builtIn="false"
            classMethod="true"
            compactView="false"
            condition=""
            id="4"
            iterating="false"
            listParameterName=""
            methodName="fromBoolean"
            name=""
            parameterNames="bool"
            rowInstance="false"
            sector="0"
            syncNode="false"
            synchronisation="false"
            type="false"
            violates_sync="false"
            x="396"
            y="2">
          <RecordDefinitionReference
              name="StringUtil"
              nested="false" />
        </FunctionDataNode>
        <DataMapping
            condition=""
            destinationField=".instance"
            destinationID="1"
            optional="false"
            sourceField=".instance"
            sourceID="2"
            violates_sync="true" />
        <DataMapping
            condition=""
            destinationField=".instance"
            destinationID="3"
            optional="false"
            sourceField="failure"
            sourceID="0"
            violates_sync="true" />
        <DataMapping
            condition=""
            destinationField="EMAIL_ID"
            destinationID="2"
            optional="false"
            sourceField="emailId"
            sourceID="3"
            violates_sync="true" />
        <DataMapping
            condition=""
            destinationField="LAST_RETRY_TIME"
            destinationID="2"
            optional="false"
            sourceField="lastRetryTime"
            sourceID="3"
            violates_sync="true" />
        <DataMapping
            condition=""
            destinationField="RETRIES"
            destinationID="2"
            optional="false"
            sourceField="retries"
            sourceID="3"
            violates_sync="true" />
        <DataMapping
            condition=""
            destinationField="LOCK_TIMESTAMP"
            destinationID="2"
            optional="false"
            sourceField="lockTimestamp"
            sourceID="3"
            violates_sync="true" />
        <DataMapping
            condition=""
            destinationField="bool"
            destinationID="4"
            optional="false"
            sourceField="isProcessing"
            sourceID="3"
            violates_sync="true" />
        <DataMapping
            condition=""
            destinationField="IS_PROCESSING"
            destinationID="2"
            optional="false"
            sourceField=".result"
            sourceID="4"
            violates_sync="true" />
      </DataGraph>
      <DataGraph
          exceptionStrategy="1"
          name="remove">
        <ParameterDataNode
            condition=""
            id="0"
            name=""
            sector="0"
            synchronisation="false"
            violates_sync="false"
            x="7"
            y="7">
          <ObjectField
              isAggregate="false"
              isAttribute="false"
              name="failure">
            <ObjectField_loc
                locale="">
              <Format />
            </ObjectField_loc>
            <TypeDefinitionReference
                name="EmailIndexFailure"
                nested="false" />
          </ObjectField>
        </ParameterDataNode>
        <ResultDataNode
            condition=""
            id="1"
            name=""
            sector="0"
            synchronisation="false"
            violates_sync="false"
            x="1071"
            y="152">
          <IntegerField
              isAttribute="false"
              name="result">
            <IntegerField_loc
                locale="">
              <Format />
            </IntegerField_loc>
          </IntegerField>
        </ResultDataNode>
        <RecordDataNode
            builtIn="false"
            compactView="false"
            condition=""
            id="2"
            name=""
            rowInstance="false"
            sector="0"
            syncNode="false"
            synchronisation="false"
            type="false"
            violates_sync="false"
            x="171"
            y="42">
          <RecordDefinitionReference
              name="EmailIndexFailure"
              nested="false" />
        </RecordDataNode>
        <FunctionDataNode
            builtIn="false"
            classMethod="true"
            compactView="false"
            condition=""
            id="3"
            iterating="false"
            listParameterName=""
            methodName="convertToDBO"
            name=""
            parameterNames="failure"
            rowInstance="false"
            sector="0"
            syncNode="false"
            synchronisation="false"
            type="false"
            violates_sync="false"
            x="381"
            y="42">
          <RecordDefinitionReference
              name="EmailIndexFailureAdapter"
              nested="false" />
        </FunctionDataNode>
        <FunctionDataNode
            builtIn="false"
            classMethod="false"
            compactView="false"
            condition=""
            id="4"
            iterating="false"
            listParameterName=""
            methodName="remove"
            name=""
            parameterNames=""
            rowInstance="false"
            sector="0"
            syncNode="false"
            synchronisation="false"
            type="false"
            violates_sync="false"
            x="736"
            y="112">
          <RecordDefinitionReference
              name="CHANN_EMAIL_INDEX_FAILURE"
              nested="false" />
        </FunctionDataNode>
        <DataMapping
            condition=""
            destinationField=".instance"
            destinationID="2"
            optional="false"
            sourceField="failure"
            sourceID="0"
            violates_sync="true" />
        <DataMapping
            condition=""
            destinationField=".instance"
            destinationID="4"
            optional="false"
            sourceField=".result"
            sourceID="3"
            violates_sync="true" />
        <DataMapping
            condition=""
            destinationField=".instance"
            destinationID="1"
            optional="false"
            sourceField=".result"
            sourceID="4"
            violates_sync="true" />
        <DataMapping
            condition=""
            destinationField="failure"
            destinationID="3"
            optional="false"
            sourceField=".instance"
            sourceID="2"
            violates_sync="true" />
      </DataGraph>
      <DataGraph
          exceptionStrategy="1"
          name="save">
        <ParameterDataNode
            condition=""
            id="0"
            name=""
            sector="0"
            synchronisation="false"
            violates_sync="false"
            x="12"
            y="12">
          <ObjectField
              isAggregate="false"
              isAttribute="false"
              name="failure">
            <ObjectField_loc
                locale="">
              <Format />
            </ObjectField_loc>
            <TypeDefinitionReference
                name="EmailIndexFailure"
                nested="false" />
          </ObjectField>
        </ParameterDataNode>
        <ResultDataNode
            condition=""
            id="1"
            name=""
            sector="0"
            synchronisation="false"
            violates_sync="false"
            x="1086"
            y="107">
          <IntegerField
              isAttribute="false"
              name="result">
            <IntegerField_loc
                locale="">
              <Format />
            </IntegerField_loc>
          </IntegerField>
        </ResultDataNode>
        <RecordDataNode
            builtIn="false"
            compactView="false"
            condition=""
            id="2"
            name=""
            rowInstance="false"
            sector="0"
            syncNode="false"
            synchronisation="false"
            type="false"
            violates_sync="false"
            x="186"
            y="42">
          <RecordDefinitionReference
              name="EmailIndexFailure"
              nested="false" />
        </RecordDataNode>
        <FunctionDataNode
            builtIn="false"
            classMethod="false"
            compactView="false"
            condition=""
            id="4"
            iterating="false"
            listParameterName=""
            methodName="put"
            name=""
            parameterNames=""
            rowInstance="false"
            sector="0"
            syncNode="false"
            synchronisation="false"
            type="false"
            violates_sync="false"
            x="761"
            y="92">
          <RecordDefinitionReference
              name="CHANN_EMAIL_INDEX_FAILURE"
              nested="false" />
        </FunctionDataNode>
        <FunctionDataNode
            builtIn="false"
            classMethod="true"
            compactView="false"
            condition=""
            id="5"
            iterating="false"
            listParameterName=""
            methodName="convertToDBO"
            name=""
            parameterNames="failure"
            rowInstance="false"
            sector="0"
            syncNode="false"
            synchronisation="false"
            type="false"
            violates_sync="false"
            x="401"
            y="37">
          <RecordDefinitionReference
              name="EmailIndexFailureAdapter"
              nested="false" />
        </FunctionDataNode>
        <DataMapping
            condition=""
            destinationField=".instance"
            destinationID="2"
            optional="false"
            sourceField="failure"
            sourceID="0"
            violates_sync="true" />
        <DataMapping
            condition=""
            destinationField=".instance"
            destinationID="1"
            optional="false"
            sourceField=".result"
            sourceID="4"
            violates_sync="true" />
        <DataMapping
            condition=""
            destinationField="failure"
            destinationID="5"
            optional="false"
            sourceField=".instance"
            sourceID="2"
            violates_sync="true" />
        <DataMapping
            condition=""
            destinationField=".instance"
            destinationID="4"
            optional="false"
            sourceField=".result"
            sourceID="5"
            violates_sync="true" />
      </DataGraph>
      <DataGraph
          exceptionStrategy="1"
          name="getFailureByIdAndProcessing">
        <ParameterDataNode
            condition=""
            id="0"
            name=""
            sector="0"
            synchronisation="false"
            violates_sync="false"
            x="7"
            y="27">
          <IntegerField
              isAttribute="false"
              name="id">
            <IntegerField_loc
                locale="">
              <Format />
            </IntegerField_loc>
          </IntegerField>
          <BooleanField
              isAttribute="false"
              name="isProcessing">
            <BooleanField_loc
                locale="">
              <Format />
            </BooleanField_loc>
          </BooleanField>
        </ParameterDataNode>
        <ResultDataNode
            condition=""
            id="1"
            name=""
            sector="0"
            synchronisation="false"
            violates_sync="false"
            x="1321"
            y="112">
          <ObjectField
              isAggregate="false"
              isAttribute="false"
              name="result">
            <ObjectField_loc
                locale="">
              <Format />
            </ObjectField_loc>
            <TypeDefinitionReference
                name="EmailIndexFailure"
                nested="false" />
          </ObjectField>
        </ResultDataNode>
        <RecordDataNode
            builtIn="false"
            compactView="false"
            condition=""
            id="2"
            name=""
            rowInstance="false"
            sector="0"
            syncNode="false"
            synchronisation="false"
            type="false"
            violates_sync="false"
            x="376"
            y="27">
          <RecordDefinitionReference
              name="CHANN_EMAIL_INDEX_FAILURE"
              nested="false" />
        </RecordDataNode>
        <FunctionDataNode
            builtIn="false"
            classMethod="true"
            compactView="false"
            condition="entryFound == 1"
            id="4"
            iterating="false"
            listParameterName=""
            methodName="convertFromDBO"
            name=""
            parameterNames="dbo"
            rowInstance="false"
            sector="0"
            syncNode="false"
            synchronisation="false"
            type="false"
            violates_sync="false"
            x="986"
            y="27">
          <ConditionParameters
              name="">
            <StringField
                isAttribute="false"
                length="0"
                name="entryFound">
              <StringField_loc
                  locale="">
                <Format />
              </StringField_loc>
            </StringField>
          </ConditionParameters>
          <RecordDefinitionReference
              name="EmailIndexFailureAdapter"
              nested="false" />
        </FunctionDataNode>
        <FunctionDataNode
            builtIn="false"
            classMethod="false"
            compactView="false"
            condition=""
            id="5"
            iterating="false"
            listParameterName=""
            methodName="findByExample"
            name=""
            parameterNames=""
            rowInstance="false"
            sector="0"
            syncNode="false"
            synchronisation="false"
            type="false"
            violates_sync="false"
            x="636"
            y="32">
          <RecordDefinitionReference
              name="CHANN_EMAIL_INDEX_FAILURE"
              nested="false" />
        </FunctionDataNode>
        <FunctionDataNode
            builtIn="false"
            classMethod="true"
            compactView="false"
            condition=""
            id="6"
            iterating="false"
            listParameterName=""
            methodName="fromBoolean"
            name=""
            parameterNames="bool"
            rowInstance="false"
            sector="0"
            syncNode="false"
            synchronisation="false"
            type="false"
            violates_sync="false"
            x="161"
            y="92">
          <RecordDefinitionReference
              name="StringUtil"
              nested="false" />
        </FunctionDataNode>
        <DataMapping
            condition=""
            destinationField="EMAIL_ID"
            destinationID="2"
            optional="false"
            sourceField="id"
            sourceID="0"
            violates_sync="true" />
        <DataMapping
            condition=""
            destinationField=".instance"
            destinationID="1"
            optional="false"
            sourceField=".result"
            sourceID="4"
            violates_sync="true" />
        <DataMapping
            condition=""
            destinationField="dbo"
            destinationID="4"
            optional="false"
            sourceField=".instance"
            sourceID="5"
            violates_sync="true" />
        <DataMapping
            condition=""
            destinationField=".instance"
            destinationID="5"
            optional="false"
            sourceField=".instance"
            sourceID="2"
            violates_sync="true" />
        <DataMapping
            condition=""
            destinationField="entryFound"
            destinationID="4"
            optional="false"
            sourceField=".result"
            sourceID="5"
            violates_sync="true" />
        <DataMapping
            condition=""
            destinationField="bool"
            destinationID="6"
            optional="false"
            sourceField="isProcessing"
            sourceID="0"
            violates_sync="true" />
        <DataMapping
            condition=""
            destinationField="IS_PROCESSING"
            destinationID="2"
            optional="false"
            sourceField=".result"
            sourceID="6"
            violates_sync="true" />
      </DataGraph>
      <DataGraph
          exceptionStrategy="1"
          name="listAllEligibleToRetry">
        <ParameterDataNode
            condition=""
            id="0"
            name=""
            sector="0"
            synchronisation="false"
            violates_sync="false"
            x="82"
            y="142">
          <StringField
              isAttribute="false"
              length="0"
              name="whereClause">
            <StringField_loc
                locale="">
              <Format />
            </StringField_loc>
          </StringField>
        </ParameterDataNode>
        <ResultDataNode
            condition=""
            id="1"
            name=""
            sector="0"
            synchronisation="false"
            violates_sync="false"
            x="1126"
            y="107">
          <ObjectField
              isAggregate="false"
              isAttribute="false"
              name="result">
            <ObjectField_loc
                locale="">
              <Format />
            </ObjectField_loc>
            <TypeDefinitionReference
                name="EmailIndexFailureList"
                nested="false" />
          </ObjectField>
        </ResultDataNode>
        <FunctionDataNode
            builtIn="false"
            classMethod="false"
            compactView="false"
            condition=""
            id="3"
            iterating="false"
            listParameterName=""
            methodName="fetchByExample"
            name=""
            parameterNames="orderBy, whereClause"
            rowInstance="false"
            sector="0"
            syncNode="false"
            synchronisation="false"
            type="false"
            violates_sync="false"
            x="296"
            y="22">
          <RecordDefinitionReference
              name="CHANN_EMAIL_INDEX_FAILURE"
              nested="false" />
        </FunctionDataNode>
        <FunctionDataNode
            builtIn="false"
            classMethod="true"
            compactView="true"
            condition=""
            id="5"
            iterating="true"
            listParameterName="dbo"
            methodName="convertFromDBO"
            name=""
            parameterNames="dbo"
            rowInstance="false"
            sector="0"
            syncNode="false"
            synchronisation="false"
            type="false"
            violates_sync="false"
            x="686"
            y="72">
          <RecordDefinitionReference
              name="EmailIndexFailureAdapter"
              nested="false" />
        </FunctionDataNode>
        <FunctionDataNode
            builtIn="false"
            classMethod="true"
            compactView="false"
            condition=""
            id="6"
            iterating="false"
            listParameterName=""
            methodName="EmailIndexFailureList"
            name=""
            parameterNames=""
            rowInstance="false"
            sector="0"
            syncNode="false"
            synchronisation="false"
            type="false"
            violates_sync="false"
            x="442"
            y="127">
          <RecordDefinitionReference
              name="EmailIndexFailureList"
              nested="false" />
        </FunctionDataNode>
        <RecordDataNode
            builtIn="false"
            compactView="false"
            condition=""
            id="7"
            name=""
            rowInstance="false"
            sector="0"
            syncNode="false"
            synchronisation="false"
            type="false"
            violates_sync="false"
            x="16"
            y="17">
          <RecordDefinitionReference
              name="CHANN_EMAIL_INDEX_FAILURE"
              nested="false" />
        </RecordDataNode>
        <DataMapping
            condition=""
            destinationField=".sourceList"
            destinationID="5"
            optional="false"
            sourceField=".result"
            sourceID="3"
            violates_sync="true" />
        <DataMapping
            condition=""
            destinationField=".instance"
            destinationID="1"
            optional="false"
            sourceField=".destinationList"
            sourceID="5"
            violates_sync="true" />
        <DataMapping
            condition=""
            destinationField=".destinationList"
            destinationID="5"
            optional="false"
            sourceField=".instance"
            sourceID="6"
            violates_sync="true" />
        <DataMapping
            condition=""
            destinationField=".instance"
            destinationID="3"
            optional="false"
            sourceField=".instance"
            sourceID="7"
            violates_sync="true" />
        <DataMapping
            condition=""
            destinationField="whereClause"
            destinationID="3"
            optional="false"
            sourceField="whereClause"
            sourceID="0"
            violates_sync="true" />
      </DataGraph>
      <DataGraph
          exceptionStrategy="1"
          name="update">
        <ParameterDataNode
            condition=""
            id="0"
            name=""
            sector="0"
            synchronisation="false"
            violates_sync="false"
            x="12"
            y="12">
          <ObjectField
              isAggregate="false"
              isAttribute="false"
              name="failure">
            <ObjectField_loc
                locale="">
              <Format />
            </ObjectField_loc>
            <TypeDefinitionReference
                name="EmailIndexFailure"
                nested="false" />
          </ObjectField>
        </ParameterDataNode>
        <ResultDataNode
            condition=""
            id="1"
            name=""
            sector="0"
            synchronisation="false"
            violates_sync="false"
            x="1086"
            y="107">
          <IntegerField
              isAttribute="false"
              name="result">
            <IntegerField_loc
                locale="">
              <Format />
            </IntegerField_loc>
          </IntegerField>
        </ResultDataNode>
        <RecordDataNode
            builtIn="false"
            compactView="false"
            condition=""
            id="2"
            name=""
            rowInstance="false"
            sector="0"
            syncNode="false"
            synchronisation="false"
            type="false"
            violates_sync="false"
            x="186"
            y="42">
          <RecordDefinitionReference
              name="EmailIndexFailure"
              nested="false" />
        </RecordDataNode>
        <FunctionDataNode
            builtIn="false"
            classMethod="true"
            compactView="false"
            condition=""
            id="5"
            iterating="false"
            listParameterName=""
            methodName="convertToDBO"
            name=""
            parameterNames="failure"
            rowInstance="false"
            sector="0"
            syncNode="false"
            synchronisation="false"
            type="false"
            violates_sync="false"
            x="401"
            y="37">
          <RecordDefinitionReference
              name="EmailIndexFailureAdapter"
              nested="false" />
        </FunctionDataNode>
        <FunctionDataNode
            builtIn="false"
            classMethod="false"
            compactView="false"
            condition=""
            id="6"
            iterating="false"
            listParameterName=""
            methodName="update"
            name=""
            parameterNames=""
            rowInstance="false"
            sector="0"
            syncNode="false"
            synchronisation="false"
            type="false"
            violates_sync="false"
            x="746"
            y="72">
          <RecordDefinitionReference
              name="CHANN_EMAIL_INDEX_FAILURE"
              nested="false" />
        </FunctionDataNode>
        <DataMapping
            condition=""
            destinationField=".instance"
            destinationID="2"
            optional="false"
            sourceField="failure"
            sourceID="0"
            violates_sync="true" />
        <DataMapping
            condition=""
            destinationField="failure"
            destinationID="5"
            optional="false"
            sourceField=".instance"
            sourceID="2"
            violates_sync="true" />
        <DataMapping
            condition=""
            destinationField=".instance"
            destinationID="1"
            optional="false"
            sourceField=".result"
            sourceID="6"
            violates_sync="true" />
        <DataMapping
            condition=""
            destinationField=".instance"
            destinationID="6"
            optional="false"
            sourceField=".result"
            sourceID="5"
            violates_sync="true" />
        <ExceptionHandler
            name=""
            procedure="handleUpdateRowFailure"
            version="">
          <ExceptionDefinitionReference
              name="DatabaseException"
              nested="false" />
        </ExceptionHandler>
      </DataGraph>
      <DataGraph
          exceptionStrategy="1"
          name="removeLockFromDBO">
        <ParameterDataNode
            condition=""
            id="0"
            name=""
            sector="0"
            synchronisation="false"
            violates_sync="false"
            x="0"
            y="0">
          <ObjectField
              isAggregate="false"
              isAttribute="false"
              name="dbo">
            <ObjectField_loc
                locale="">
              <Format />
            </ObjectField_loc>
            <TypeDefinitionReference
                name="CHANN_EMAIL_INDEX_FAILURE"
                nested="false" />
          </ObjectField>
        </ParameterDataNode>
        <ConstantDataNode
            condition=""
            id="2"
            name=""
            sector="0"
            synchronisation="false"
            violates_sync="false"
            x="2"
            y="232">
          <JavascriptFunction
              exceptionStrategy="0"
              language="EcmaScript"
              name=""
              version="">
            <Verbatim
                fieldName="text">
<![CDATA[null]]>
            </Verbatim>
          </JavascriptFunction>
        </ConstantDataNode>
        <RecordDataNode
            builtIn="false"
            compactView="false"
            condition=""
            id="3"
            name=""
            rowInstance="false"
            sector="0"
            syncNode="false"
            synchronisation="false"
            type="false"
            violates_sync="false"
            x="541"
            y="32">
          <RecordDefinitionReference
              name="CHANN_EMAIL_INDEX_FAILURE"
              nested="false" />
        </RecordDataNode>
        <FunctionDataNode
            builtIn="false"
            classMethod="false"
            compactView="false"
            condition=""
            id="4"
            iterating="false"
            listParameterName=""
            methodName="update"
            name=""
            parameterNames=""
            rowInstance="false"
            sector="0"
            syncNode="false"
            synchronisation="false"
            type="false"
            violates_sync="false"
            x="821"
            y="37">
          <RecordDefinitionReference
              name="CHANN_EMAIL_INDEX_FAILURE"
              nested="false" />
        </FunctionDataNode>
        <ConstantDataNode
            condition=""
            id="5"
            name=""
            sector="0"
            synchronisation="false"
            violates_sync="false"
            x="7"
            y="87">
          <JavascriptFunction
              exceptionStrategy="0"
              language="EcmaScript"
              name=""
              version="">
            <Verbatim
                fieldName="text">
<![CDATA[false]]>
            </Verbatim>
          </JavascriptFunction>
        </ConstantDataNode>
        <FunctionDataNode
            builtIn="false"
            classMethod="true"
            compactView="false"
            condition=""
            id="6"
            iterating="false"
            listParameterName=""
            methodName="fromBoolean"
            name=""
            parameterNames="bool"
            rowInstance="false"
            sector="0"
            syncNode="false"
            synchronisation="false"
            type="false"
            violates_sync="false"
            x="191"
            y="77">
          <RecordDefinitionReference
              name="StringUtil"
              nested="false" />
        </FunctionDataNode>
        <ConstantDataNode
            condition=""
            id="7"
            name=""
            sector="0"
            synchronisation="false"
            violates_sync="false"
            x="127"
            y="342">
          <JavascriptFunction
              exceptionStrategy="0"
              language="EcmaScript"
              name=""
              version="">
            <Verbatim
                fieldName="text">
<![CDATA[0]]>
            </Verbatim>
          </JavascriptFunction>
        </ConstantDataNode>
        <DataMapping
            condition=""
            destinationField=".instance"
            destinationID="3"
            optional="false"
            sourceField="dbo"
            sourceID="0"
            violates_sync="true" />
        <DataMapping
            condition=""
            destinationField="LOCK_TIMESTAMP"
            destinationID="3"
            optional="false"
            sourceField=".result"
            sourceID="2"
            violates_sync="true" />
        <DataMapping
            condition=""
            destinationField=".instance"
            destinationID="4"
            optional="false"
            sourceField=".instance"
            sourceID="3"
            violates_sync="true" />
        <DataMapping
            condition=""
            destinationField="bool"
            destinationID="6"
            optional="false"
            sourceField=".result"
            sourceID="5"
            violates_sync="true" />
        <DataMapping
            condition=""
            destinationField="IS_PROCESSING"
            destinationID="3"
            optional="false"
            sourceField=".result"
            sourceID="6"
            violates_sync="true" />
        <DataMapping
            condition=""
            destinationField="RETRIES"
            destinationID="3"
            optional="false"
            sourceField=".result"
            sourceID="7"
            violates_sync="true" />
        <ExceptionHandler
            name=""
            procedure="handleRemoveExpiredLockException"
            version="">
          <ExceptionDefinitionReference
              name="ConstraintViolationException"
              nested="false" />
        </ExceptionHandler>
        <ExceptionHandler
            name=""
            procedure="handleRemoveExpiredLockException"
            version="">
          <ExceptionDefinitionReference
              name="DatabaseException"
              nested="false" />
        </ExceptionHandler>
      </DataGraph>
      <DataGraph
          exceptionStrategy="1"
          name="removeExpiredLocks">
        <ParameterDataNode
            condition=""
            id="0"
            name=""
            sector="0"
            synchronisation="false"
            violates_sync="false"
            x="87"
            y="197">
          <StringField
              isAttribute="false"
              length="0"
              name="whereClause">
            <StringField_loc
                locale="">
              <Format />
            </StringField_loc>
          </StringField>
        </ParameterDataNode>
        <RecordDataNode
            builtIn="false"
            compactView="false"
            condition=""
            id="2"
            name=""
            rowInstance="false"
            sector="0"
            syncNode="false"
            synchronisation="false"
            type="false"
            violates_sync="false"
            x="61"
            y="32">
          <RecordDefinitionReference
              name="CHANN_EMAIL_INDEX_FAILURE"
              nested="false" />
        </RecordDataNode>
        <FunctionDataNode
            builtIn="false"
            classMethod="false"
            compactView="false"
            condition=""
            id="3"
            iterating="false"
            listParameterName=""
            methodName="fetchByExample"
            name=""
            parameterNames="orderBy, whereClause"
            rowInstance="false"
            sector="0"
            syncNode="false"
            synchronisation="false"
            type="false"
            violates_sync="false"
            x="376"
            y="92">
          <RecordDefinitionReference
              name="CHANN_EMAIL_INDEX_FAILURE"
              nested="false" />
        </FunctionDataNode>
        <FunctionDataNode
            builtIn="false"
            classMethod="true"
            compactView="false"
            condition=""
            id="4"
            iterating="true"
            listParameterName="dbo"
            methodName="removeLockFromDBO"
            name=""
            parameterNames="dbo"
            rowInstance="false"
            sector="0"
            syncNode="false"
            synchronisation="false"
            type="false"
            violates_sync="false"
            x="751"
            y="122">
          <RecordDefinitionReference
              name="EmailIndexFailureAdapter"
              nested="false" />
        </FunctionDataNode>
        <DataMapping
            condition=""
            destinationField=".instance"
            destinationID="3"
            optional="false"
            sourceField=".instance"
            sourceID="2"
            violates_sync="true" />
        <DataMapping
            condition=""
            destinationField="whereClause"
            destinationID="3"
            optional="false"
            sourceField="whereClause"
            sourceID="0"
            violates_sync="true" />
        <DataMapping
            condition=""
            destinationField=".sourceList"
            destinationID="4"
            optional="false"
            sourceField=".result"
            sourceID="3"
            violates_sync="true" />
      </DataGraph>
    </DataAdapter>
  </PackageEntry>
