{
 "____oid" : 0,
 "____type" : "FrameworkEVA.Implementation.Migration.LocalisedEntityLocaleHolder",
 "entityHolderMap" : {
 "____oid" : 0,
 "____type" : "FrameworkDynamicEntities.API.EntityInterfaces.EIDynamicEntityDefinition",
 "additionalInfo" : "",
 "associationList" : {
  "____oid" : 1,
  "____type" : "FrameworkEVA.Implementation.Association.Objects.AssociationList",
  "isPartiallyLoaded" : false,
  "____listValues" : [
   
  ]
 },
 "associationTypes" : {
  "____oid" : 2,
  "____type" : "FrameworkEVA.Implementation.AssociationType.Objects.AssociationTypeList",
  "____listValues" : [
   
  ]
 },
 "description" : {
 "____type" : "LocalisedString",
 "en-US" : "Dynamic Entity for Medtronic DTrak Data"
 },
 "displayName" : {
 "____type" : "LocalisedString",
 "en-US" : "Medtronic DTrak Data"
 },
 "entitlementSet" : null,
 "entityDefinition" : "DynamicEntityDefinitionED",
 "entityMinorVersion" : 0,
 "entityProperties" : null,
 "entityVersion" : 0,
 "exportLocale" : "ALL",
 "fields" : {
  "____oid" : 3,
  "____type" : "FrameworkDynamicEntities.Implementation.Field.Objects.FieldList",
  "____listValues" : [
   {
    "____oid" : 4,
    "____type" : "FrameworkDynamicEntities.API.EntityInterfaces.EIStringField",
    "additionalInfo" : "",
    "associationList" : null,
    "displayName" : {
    "____type" : "LocalisedString",
    "en-US" : "Division"
    },
    "dynamicEntityDefinitionId" : {
     "____oid" : 5,
     "____type" : "FrameworkEVA.API.Objects.EvaId",
     "environmentId" : 666
    },
    "editEntitlements" : null,
    "entityProperties" : null,
    "fieldProperties" : {
     "____oid" : 6,
     "____type" : "FrameworkDynamicEntities.API.EntityInterfaces.EIStringFieldProperties",
     "additionalInfo" : "",
     "associationList" : null,
     "entityProperties" : null,
     "failureMessage" : {
     "____type" : "LocalisedString"
     },
     "field" : {
      "____oref" : 4
     },
     "includeKeywordHitCountPersistable" : true,
     "initialValue" : null,
     "isAutoCommitted" : false,
     "isExportable" : false,
     "keywordList" : null,
     "maxLength" : 400,
     "regex" : null,
     "supportsReadOnly" : true,
     "textType" : 0,
     "value" : {
      "____oid" : 7,
      "____type" : "FrameworkCommon.API.Objects.Map",
      "mapData" : {
       "initialValue" : null,
       "maxLength" : 400
      }
     }
    },
    "fieldSequence" : 1,
    "fieldTypeId" : "StringField___FieldTypeID",
    "includeKeywordHitCountPersistable" : true,
    "isAutoCommitted" : false,
    "isBuiltIn" : false,
    "isContextUpdatable" : true,
    "isExportable" : false,
    "keywordList" : null,
    "name" : "division",
    "supportsReadOnly" : true,
    "viewEntitlements" : null
   },
   {
    "____oid" : 8,
    "____type" : "FrameworkDynamicEntities.API.EntityInterfaces.EIStringField",
    "additionalInfo" : "",
    "associationList" : null,
    "displayName" : {
    "____type" : "LocalisedString",
    "en-US" : "DTrak Task ID"
    },
    "dynamicEntityDefinitionId" : {
     "____oid" : 9,
     "____type" : "FrameworkEVA.API.Objects.EvaId",
     "environmentId" : 666
    },
    "editEntitlements" : null,
    "entityProperties" : null,
    "fieldProperties" : {
     "____oid" : 10,
     "____type" : "FrameworkDynamicEntities.API.EntityInterfaces.EIStringFieldProperties",
     "additionalInfo" : "",
     "associationList" : null,
     "entityProperties" : null,
     "failureMessage" : {
     "____type" : "LocalisedString"
     },
     "field" : {
      "____oref" : 8
     },
     "includeKeywordHitCountPersistable" : true,
     "initialValue" : null,
     "isAutoCommitted" : false,
     "isExportable" : false,
     "keywordList" : null,
     "maxLength" : 400,
     "regex" : null,
     "supportsReadOnly" : true,
     "textType" : 0,
     "value" : {
      "____oid" : 11,
      "____type" : "FrameworkCommon.API.Objects.Map",
      "mapData" : {
       "initialValue" : null,
       "maxLength" : 400
      }
     }
    },
    "fieldSequence" : 2,
    "fieldTypeId" : "StringField___FieldTypeID",
    "includeKeywordHitCountPersistable" : true,
    "isAutoCommitted" : false,
    "isBuiltIn" : false,
    "isContextUpdatable" : true,
    "isExportable" : false,
    "keywordList" : null,
    "name" : "dtrakTaskID",
    "supportsReadOnly" : true,
    "viewEntitlements" : null
   },
   {
    "____oid" : 12,
    "____type" : "FrameworkDynamicEntities.API.EntityInterfaces.EIURLField",
    "additionalInfo" : "",
    "associationList" : null,
    "displayName" : {
    "____type" : "LocalisedString",
    "en-US" : "DTrak URL"
    },
    "dynamicEntityDefinitionId" : {
     "____oid" : 13,
     "____type" : "FrameworkEVA.API.Objects.EvaId",
     "environmentId" : 666
    },
    "editEntitlements" : null,
    "entityProperties" : null,
    "fieldProperties" : {
     "____oid" : 14,
     "____type" : "FrameworkDynamicEntities.API.EntityInterfaces.EIURLFieldProperties",
     "additionalInfo" : "",
     "associationList" : null,
     "entityProperties" : null,
     "field" : {
      "____oref" : 12
     },
     "includeKeywordHitCountPersistable" : true,
     "initialLinkText" : null,
     "initialURL" : null,
     "isAutoCommitted" : false,
     "isExportable" : false,
     "keywordList" : null,
     "supportsReadOnly" : true,
     "value" : {
      "____oid" : 15,
      "____type" : "FrameworkCommon.API.Objects.Map",
      "mapData" : {
       "initialText" : null,
       "initialValue" : null
      }
     }
    },
    "fieldSequence" : 3,
    "fieldTypeId" : "URLField___FieldTypeID",
    "includeKeywordHitCountPersistable" : true,
    "isAutoCommitted" : false,
    "isBuiltIn" : false,
    "isContextUpdatable" : false,
    "isExportable" : false,
    "keywordList" : null,
    "name" : "dtrakURL",
    "supportsReadOnly" : true,
    "viewEntitlements" : null
   },
   {
    "____oid" : 16,
    "____type" : "FrameworkDynamicEntities.API.EntityInterfaces.EIStringField",
    "additionalInfo" : "",
    "associationList" : null,
    "displayName" : {
    "____type" : "LocalisedString",
    "en-US" : "Submitter"
    },
    "dynamicEntityDefinitionId" : {
     "____oid" : 17,
     "____type" : "FrameworkEVA.API.Objects.EvaId",
     "environmentId" : 666
    },
    "editEntitlements" : null,
    "entityProperties" : null,
    "fieldProperties" : {
     "____oid" : 18,
     "____type" : "FrameworkDynamicEntities.API.EntityInterfaces.EIStringFieldProperties",
     "additionalInfo" : "",
     "associationList" : null,
     "entityProperties" : null,
     "failureMessage" : {
     "____type" : "LocalisedString"
     },
     "field" : {
      "____oref" : 16
     },
     "includeKeywordHitCountPersistable" : true,
     "initialValue" : null,
     "isAutoCommitted" : false,
     "isExportable" : false,
     "keywordList" : null,
     "maxLength" : 400,
     "regex" : null,
     "supportsReadOnly" : true,
     "textType" : 0,
     "value" : {
      "____oid" : 19,
      "____type" : "FrameworkCommon.API.Objects.Map",
      "mapData" : {
       "initialValue" : null,
       "maxLength" : 400
      }
     }
    },
    "fieldSequence" : 4,
    "fieldTypeId" : "StringField___FieldTypeID",
    "includeKeywordHitCountPersistable" : true,
    "isAutoCommitted" : false,
    "isBuiltIn" : false,
    "isContextUpdatable" : true,
    "isExportable" : false,
    "keywordList" : null,
    "name" : "submitter",
    "supportsReadOnly" : true,
    "viewEntitlements" : null
   },
   {
    "____oid" : 20,
    "____type" : "FrameworkDynamicEntities.API.EntityInterfaces.EIDateField",
    "additionalInfo" : "",
    "associationList" : null,
    "displayName" : {
    "____type" : "LocalisedString",
    "en-US" : "Created Date"
    },
    "dynamicEntityDefinitionId" : {
     "____oid" : 21,
     "____type" : "FrameworkEVA.API.Objects.EvaId",
     "environmentId" : 666
    },
    "editEntitlements" : null,
    "entityProperties" : null,
    "fieldProperties" : {
     "____oid" : 22,
     "____type" : "FrameworkDynamicEntities.API.EntityInterfaces.EIDateFieldProperties",
     "additionalInfo" : "",
     "associationList" : null,
     "entityProperties" : null,
     "field" : {
      "____oref" : 20
     },
     "includeKeywordHitCountPersistable" : true,
     "initialValue" : null,
     "intialValue" : null,
     "isAutoCommitted" : false,
     "isExportable" : false,
     "keywordList" : null,
     "supportsReadOnly" : true,
     "value" : {
      "____oid" : 23,
      "____type" : "FrameworkCommon.API.Objects.Map",
      "mapData" : {
       "initialValue" : null
      }
     }
    },
    "fieldSequence" : 5,
    "fieldTypeId" : "DateField___FieldTypeID",
    "includeKeywordHitCountPersistable" : true,
    "isAutoCommitted" : false,
    "isBuiltIn" : false,
    "isContextUpdatable" : false,
    "isExportable" : false,
    "keywordList" : null,
    "name" : "createdDate",
    "supportsReadOnly" : true,
    "viewEntitlements" : null
   },
   {
    "____oid" : 24,
    "____type" : "FrameworkDynamicEntities.API.EntityInterfaces.EIStringField",
    "additionalInfo" : "",
    "associationList" : null,
    "displayName" : {
    "____type" : "LocalisedString",
    "en-US" : "Medical Event ID"
    },
    "dynamicEntityDefinitionId" : {
     "____oid" : 25,
     "____type" : "FrameworkEVA.API.Objects.EvaId",
     "environmentId" : 666
    },
    "editEntitlements" : null,
    "entityProperties" : null,
    "fieldProperties" : {
     "____oid" : 26,
     "____type" : "FrameworkDynamicEntities.API.EntityInterfaces.EIStringFieldProperties",
     "additionalInfo" : "",
     "associationList" : null,
     "entityProperties" : null,
     "failureMessage" : {
     "____type" : "LocalisedString"
     },
     "field" : {
      "____oref" : 24
     },
     "includeKeywordHitCountPersistable" : true,
     "initialValue" : null,
     "isAutoCommitted" : false,
     "isExportable" : false,
     "keywordList" : null,
     "maxLength" : 400,
     "regex" : null,
     "supportsReadOnly" : true,
     "textType" : 0,
     "value" : {
      "____oid" : 27,
      "____type" : "FrameworkCommon.API.Objects.Map",
      "mapData" : {
       "initialValue" : null,
       "maxLength" : 400
      }
     }
    },
    "fieldSequence" : 6,
    "fieldTypeId" : "StringField___FieldTypeID",
    "includeKeywordHitCountPersistable" : true,
    "isAutoCommitted" : false,
    "isBuiltIn" : false,
    "isContextUpdatable" : true,
    "isExportable" : false,
    "keywordList" : null,
    "name" : "medicalEventID",
    "supportsReadOnly" : true,
    "viewEntitlements" : null
   },
   {
    "____oid" : 28,
    "____type" : "FrameworkDynamicEntities.API.EntityInterfaces.EIStringField",
    "additionalInfo" : "",
    "associationList" : null,
    "displayName" : {
    "____type" : "LocalisedString",
    "en-US" : "Patient"
    },
    "dynamicEntityDefinitionId" : {
     "____oid" : 29,
     "____type" : "FrameworkEVA.API.Objects.EvaId",
     "environmentId" : 666
    },
    "editEntitlements" : null,
    "entityProperties" : null,
    "fieldProperties" : {
     "____oid" : 30,
     "____type" : "FrameworkDynamicEntities.API.EntityInterfaces.EIStringFieldProperties",
     "additionalInfo" : "",
     "associationList" : null,
     "entityProperties" : null,
     "failureMessage" : {
     "____type" : "LocalisedString"
     },
     "field" : {
      "____oref" : 28
     },
     "includeKeywordHitCountPersistable" : true,
     "initialValue" : null,
     "isAutoCommitted" : false,
     "isExportable" : false,
     "keywordList" : null,
     "maxLength" : 400,
     "regex" : null,
     "supportsReadOnly" : true,
     "textType" : 0,
     "value" : {
      "____oid" : 31,
      "____type" : "FrameworkCommon.API.Objects.Map",
      "mapData" : {
       "initialValue" : null,
       "maxLength" : 400
      }
     }
    },
    "fieldSequence" : 7,
    "fieldTypeId" : "StringField___FieldTypeID",
    "includeKeywordHitCountPersistable" : true,
    "isAutoCommitted" : false,
    "isBuiltIn" : false,
    "isContextUpdatable" : true,
    "isExportable" : false,
    "keywordList" : null,
    "name" : "patient",
    "supportsReadOnly" : true,
    "viewEntitlements" : null
   },
   {
    "____oid" : 32,
    "____type" : "FrameworkDynamicEntities.API.EntityInterfaces.EIStringField",
    "additionalInfo" : "",
    "associationList" : null,
    "displayName" : {
    "____type" : "LocalisedString",
    "en-US" : "Provider"
    },
    "dynamicEntityDefinitionId" : {
     "____oid" : 33,
     "____type" : "FrameworkEVA.API.Objects.EvaId",
     "environmentId" : 666
    },
    "editEntitlements" : null,
    "entityProperties" : null,
    "fieldProperties" : {
     "____oid" : 34,
     "____type" : "FrameworkDynamicEntities.API.EntityInterfaces.EIStringFieldProperties",
     "additionalInfo" : "",
     "associationList" : null,
     "entityProperties" : null,
     "failureMessage" : {
     "____type" : "LocalisedString"
     },
     "field" : {
      "____oref" : 32
     },
     "includeKeywordHitCountPersistable" : true,
     "initialValue" : null,
     "isAutoCommitted" : false,
     "isExportable" : false,
     "keywordList" : null,
     "maxLength" : 400,
     "regex" : null,
     "supportsReadOnly" : true,
     "textType" : 0,
     "value" : {
      "____oid" : 35,
      "____type" : "FrameworkCommon.API.Objects.Map",
      "mapData" : {
       "initialValue" : null,
       "maxLength" : 400
      }
     }
    },
    "fieldSequence" : 8,
    "fieldTypeId" : "StringField___FieldTypeID",
    "includeKeywordHitCountPersistable" : true,
    "isAutoCommitted" : false,
    "isBuiltIn" : false,
    "isContextUpdatable" : true,
    "isExportable" : false,
    "keywordList" : null,
    "name" : "provider",
    "supportsReadOnly" : true,
    "viewEntitlements" : null
   },
   {
    "____oid" : 36,
    "____type" : "FrameworkDynamicEntities.API.EntityInterfaces.EIStringField",
    "additionalInfo" : "",
    "associationList" : null,
    "displayName" : {
    "____type" : "LocalisedString",
    "en-US" : "Record Type"
    },
    "dynamicEntityDefinitionId" : {
     "____oid" : 37,
     "____type" : "FrameworkEVA.API.Objects.EvaId",
     "environmentId" : 666
    },
    "editEntitlements" : null,
    "entityProperties" : null,
    "fieldProperties" : {
     "____oid" : 38,
     "____type" : "FrameworkDynamicEntities.API.EntityInterfaces.EIStringFieldProperties",
     "additionalInfo" : "",
     "associationList" : null,
     "entityProperties" : null,
     "failureMessage" : {
     "____type" : "LocalisedString"
     },
     "field" : {
      "____oref" : 36
     },
     "includeKeywordHitCountPersistable" : true,
     "initialValue" : null,
     "isAutoCommitted" : false,
     "isExportable" : false,
     "keywordList" : null,
     "maxLength" : 400,
     "regex" : null,
     "supportsReadOnly" : true,
     "textType" : 0,
     "value" : {
      "____oid" : 39,
      "____type" : "FrameworkCommon.API.Objects.Map",
      "mapData" : {
       "initialValue" : null,
       "maxLength" : 400
      }
     }
    },
    "fieldSequence" : 9,
    "fieldTypeId" : "StringField___FieldTypeID",
    "includeKeywordHitCountPersistable" : true,
    "isAutoCommitted" : false,
    "isBuiltIn" : false,
    "isContextUpdatable" : true,
    "isExportable" : false,
    "keywordList" : null,
    "name" : "recordType",
    "supportsReadOnly" : true,
    "viewEntitlements" : null
   },
   {
    "____oid" : 40,
    "____type" : "FrameworkDynamicEntities.API.EntityInterfaces.EIStringField",
    "additionalInfo" : "",
    "associationList" : null,
    "displayName" : {
    "____type" : "LocalisedString",
    "en-US" : "Case Notes"
    },
    "dynamicEntityDefinitionId" : {
     "____oid" : 41,
     "____type" : "FrameworkEVA.API.Objects.EvaId",
     "environmentId" : 666
    },
    "editEntitlements" : null,
    "entityProperties" : null,
    "fieldProperties" : {
     "____oid" : 42,
     "____type" : "FrameworkDynamicEntities.API.EntityInterfaces.EIStringFieldProperties",
     "additionalInfo" : "",
     "associationList" : null,
     "entityProperties" : null,
     "failureMessage" : {
     "____type" : "LocalisedString"
     },
     "field" : {
      "____oref" : 40
     },
     "includeKeywordHitCountPersistable" : true,
     "initialValue" : null,
     "isAutoCommitted" : false,
     "isExportable" : false,
     "keywordList" : null,
     "maxLength" : 400,
     "regex" : null,
     "supportsReadOnly" : true,
     "textType" : 0,
     "value" : {
      "____oid" : 43,
      "____type" : "FrameworkCommon.API.Objects.Map",
      "mapData" : {
       "initialValue" : null,
       "maxLength" : 400
      }
     }
    },
    "fieldSequence" : 10,
    "fieldTypeId" : "StringField___FieldTypeID",
    "includeKeywordHitCountPersistable" : true,
    "isAutoCommitted" : false,
    "isBuiltIn" : false,
    "isContextUpdatable" : true,
    "isExportable" : false,
    "keywordList" : null,
    "name" : "caseNotes",
    "supportsReadOnly" : true,
    "viewEntitlements" : null
   },
   {
    "____oid" : 44,
    "____type" : "FrameworkDynamicEntities.API.EntityInterfaces.EIStringField",
    "additionalInfo" : "",
    "associationList" : null,
    "displayName" : {
    "____type" : "LocalisedString",
    "en-US" : "Procedure Facility"
    },
    "dynamicEntityDefinitionId" : {
     "____oid" : 45,
     "____type" : "FrameworkEVA.API.Objects.EvaId",
     "environmentId" : 666
    },
    "editEntitlements" : null,
    "entityProperties" : null,
    "fieldProperties" : {
     "____oid" : 46,
     "____type" : "FrameworkDynamicEntities.API.EntityInterfaces.EIStringFieldProperties",
     "additionalInfo" : "",
     "associationList" : null,
     "entityProperties" : null,
     "failureMessage" : {
     "____type" : "LocalisedString"
     },
     "field" : {
      "____oref" : 44
     },
     "includeKeywordHitCountPersistable" : true,
     "initialValue" : null,
     "isAutoCommitted" : false,
     "isExportable" : false,
     "keywordList" : null,
     "maxLength" : 400,
     "regex" : null,
     "supportsReadOnly" : true,
     "textType" : 0,
     "value" : {
      "____oid" : 47,
      "____type" : "FrameworkCommon.API.Objects.Map",
      "mapData" : {
       "initialValue" : null,
       "maxLength" : 400
      }
     }
    },
    "fieldSequence" : 11,
    "fieldTypeId" : "StringField___FieldTypeID",
    "includeKeywordHitCountPersistable" : true,
    "isAutoCommitted" : false,
    "isBuiltIn" : false,
    "isContextUpdatable" : true,
    "isExportable" : false,
    "keywordList" : null,
    "name" : "procedureFacility",
    "supportsReadOnly" : true,
    "viewEntitlements" : null
   }
  ]
 },
 "includeKeywordHitCountPersistable" : true,
 "interfacePath" : "FrameworkDynamicEntities.API.EntityInterfaces.EIDynamicEntity",
 "isAutoCommitted" : true,
 "isBasic" : false,
 "isCacheDirty" : false,
 "isDeleted" : false,
 "isExpandable" : true,
 "isExportable" : false,
 "isLoadedFromDb" : false,
 "isModified" : false,
 "keywordList" : null,
 "lastModifiedDate" : {
  "____type" : "Date", "value" : 1600309135587
 },
 "localisableFields" : {
  "____oid" : 48,
  "____type" : "GT.Runtime.DefaultDocuments.GTList",
  "____listValues" : [
   
  ]
 },
 "logicalObjPath" : "FrameworkDynamicEntities.Implementation.DynamicEntity.Objects.DynamicEntity",
 "migratableReference" : "DynamicEntityDefinitionEDMedtronicDTrakDataED",
 "name" : "MedtronicDTrakDataED",
 "persistenceManagerURL" : "",
 "populated" : true,
 "summaryExpression" : {
 "____type" : "LocalisedString",
 "en-US" : "[division]"
 },
 "summaryLabel" : {
 "____type" : "LocalisedString"
 },
 "superEntityDefinitionId" : "BaseDynamicEntity",
 "supportsReadOnly" : true,
 "typeId" : "DynamicEntityDefinitionEDMedtronicDTrakDataED",
 "typeName" : "DynamicEntityDefinitionED",
 "typeUuid" : "mfk2dbs0HH0LzeiwLKX5GA",
 "uuid" : "w0tvYmpkt364QOoBtEzmH8",
 "verbs" : {
  "____oid" : 49,
  "____type" : "FrameworkEVA.Implementation.Verb.Objects.VerbList",
  "____listValues" : [
   
  ]
 },
 "version" : 1,
 "views" : {
  "____oid" : 50,
  "____type" : "FrameworkDynamicEntities.Implementation.View.Objects.ViewList",
  "____listValues" : [
   {
    "____oid" : 51,
    "____type" : "FrameworkDynamicEntities.API.EntityInterfaces.EIDynamicEntityLayoutView",
    "additionalInfo" : "",
    "associationList" : {
     "____oid" : 52,
     "____type" : "FrameworkEVA.Implementation.Association.Objects.AssociationList",
     "isPartiallyLoaded" : false,
     "parentEntity" : {
      "____oref" : 51
     },
     "____listValues" : [
      
     ]
    },
    "displayName" : {
    "____type" : "LocalisedString",
    "en-US" : "DTrak Create"
    },
    "entityMinorVersion" : 0,
    "entityProperties" : {
     "____oid" : 53,
     "____type" : "FrameworkEVA.API.Interfaces.EIEntityProperties",
     "additionalInfo" : "",
     "associationList" : null,
     "entityProperties" : null,
     "includeKeywordHitCountPersistable" : true,
     "isAutoCommitted" : false,
     "isExportable" : false,
     "keywordList" : null,
     "persistableEntity" : {
      "____oref" : 51
     },
     "propertyMap" : {
      "____oid" : 54,
      "____type" : "FrameworkCommon.API.Objects.Map",
      "mapData" : {
       
      }
     },
     "supportsReadOnly" : true
    },
    "entityVersion" : 0,
    "exportLocale" : "ALL",
    "includeKeywordHitCountPersistable" : true,
    "isAutoCommitted" : false,
    "isExportable" : false,
    "isNew" : false,
    "isPreview" : false,
    "keywordList" : null,
    "lastModifiedDate" : {
     "____type" : "Date", "value" : 1600309135697
    },
    "layoutType" : "LabelComponentLayout",
    "migratableReference" : "VLpDEpUmd43g9Gqaim4596",
    "name" : "Create",
    "parentEntityDefinition" : {
     "____oref" : 0
    },
    "supportsReadOnly" : true,
    "typeName" : "DynamicEntityViewED",
    "useTabs" : false,
    "version" : 1,
    "viewFields" : {
     "____oid" : 55,
     "____type" : "FrameworkDynamicEntities.Implementation.ViewField.Objects.ViewFieldList",
     "____listValues" : [
      {
       "____oid" : 56,
       "____type" : "FrameworkDynamicEntities.API.EntityInterfaces.EIViewField",
       "INITIAL_VALUE" : "initialValue",
       "additionalInfo" : "",
       "associationList" : null,
       "componentTypeId" : "Default_TextField",
       "entityProperties" : null,
       "field" : {
        "____oref" : 4
       },
       "groupLayoutName" : null,
       "groupName" : null,
       "hintText" : {
       "____type" : "LocalisedString"
       },
       "includeKeywordHitCountPersistable" : true,
       "isAutoCommitted" : false,
       "isExportable" : false,
       "isMandatory" : false,
       "isMandatoryPossible" : false,
       "isShowLabel" : true,
       "keywordList" : null,
       "label" : {
       "____type" : "LocalisedString",
       "en-US" : "Division"
       },
       "processDescRef" : null,
       "sequence" : 1,
       "supportsReadOnly" : true,
       "view" : {
        "____oref" : 51
       }
      },
      {
       "____oid" : 57,
       "____type" : "FrameworkDynamicEntities.API.EntityInterfaces.EIViewField",
       "INITIAL_VALUE" : "initialValue",
       "additionalInfo" : "",
       "associationList" : null,
       "componentTypeId" : "Default_TextField",
       "entityProperties" : null,
       "field" : {
        "____oref" : 8
       },
       "groupLayoutName" : null,
       "groupName" : null,
       "hintText" : {
       "____type" : "LocalisedString",
       "en-US" : ""
       },
       "includeKeywordHitCountPersistable" : true,
       "isAutoCommitted" : false,
       "isExportable" : false,
       "isMandatory" : false,
       "isMandatoryPossible" : false,
       "isShowLabel" : true,
       "keywordList" : null,
       "label" : {
       "____type" : "LocalisedString",
       "en-US" : "DTrak Task ID"
       },
       "processDescRef" : null,
       "sequence" : 2,
       "supportsReadOnly" : true,
       "view" : {
        "____oref" : 51
       }
      },
      {
       "____oid" : 58,
       "____type" : "FrameworkDynamicEntities.API.EntityInterfaces.EIViewField",
       "INITIAL_VALUE" : "initialValue",
       "additionalInfo" : "",
       "associationList" : null,
       "entityProperties" : null,
       "field" : {
        "____oref" : 12
       },
       "groupLayoutName" : null,
       "groupName" : null,
       "hintText" : {
       "____type" : "LocalisedString",
       "en-US" : ""
       },
       "includeKeywordHitCountPersistable" : true,
       "isAutoCommitted" : false,
       "isExportable" : false,
       "isMandatory" : false,
       "isMandatoryPossible" : false,
       "isShowLabel" : true,
       "keywordList" : null,
       "label" : {
       "____type" : "LocalisedString",
       "en-US" : "DTrak URL"
       },
       "processDescRef" : {
        "____oid" : 59,
        "____type" : "FrameworkEVA.API.Interfaces.EIProcessDescriptorReference",
        "additionalInfo" : "",
        "associationList" : null,
        "entityProperties" : null,
        "exportedConfig" : null,
        "includeKeywordHitCountPersistable" : true,
        "isAutoCommitted" : false,
        "isExportable" : false,
        "isShared" : false,
        "keywordList" : null,
        "processDescriptorId" : "ComponentURL:::FrameworkDynamicEntities.Implementation.URLField.Process.URLEditor",
        "supportsReadOnly" : true
       },
       "sequence" : 3,
       "supportsReadOnly" : true,
       "view" : {
        "____oref" : 51
       }
      },
      {
       "____oid" : 60,
       "____type" : "FrameworkDynamicEntities.API.EntityInterfaces.EIViewField",
       "INITIAL_VALUE" : "initialValue",
       "additionalInfo" : "",
       "associationList" : null,
       "componentTypeId" : "Default_TextField",
       "entityProperties" : null,
       "field" : {
        "____oref" : 16
       },
       "groupLayoutName" : null,
       "groupName" : null,
       "hintText" : {
       "____type" : "LocalisedString",
       "en-US" : ""
       },
       "includeKeywordHitCountPersistable" : true,
       "isAutoCommitted" : false,
       "isExportable" : false,
       "isMandatory" : false,
       "isMandatoryPossible" : false,
       "isShowLabel" : true,
       "keywordList" : null,
       "label" : {
       "____type" : "LocalisedString",
       "en-US" : "Submitter"
       },
       "processDescRef" : null,
       "sequence" : 4,
       "supportsReadOnly" : true,
       "view" : {
        "____oref" : 51
       }
      },
      {
       "____oid" : 61,
       "____type" : "FrameworkDynamicEntities.API.EntityInterfaces.EIViewField",
       "INITIAL_VALUE" : "initialValue",
       "additionalInfo" : "",
       "associationList" : null,
       "componentTypeId" : "Default_DateInputField",
       "entityProperties" : null,
       "field" : {
        "____oref" : 20
       },
       "groupLayoutName" : null,
       "groupName" : null,
       "hintText" : {
       "____type" : "LocalisedString",
       "en-US" : ""
       },
       "includeKeywordHitCountPersistable" : true,
       "isAutoCommitted" : false,
       "isExportable" : false,
       "isMandatory" : false,
       "isMandatoryPossible" : false,
       "isShowLabel" : true,
       "keywordList" : null,
       "label" : {
       "____type" : "LocalisedString",
       "en-US" : "Created Date"
       },
       "processDescRef" : null,
       "sequence" : 5,
       "supportsReadOnly" : true,
       "view" : {
        "____oref" : 51
       }
      },
      {
       "____oid" : 62,
       "____type" : "FrameworkDynamicEntities.API.EntityInterfaces.EIViewField",
       "INITIAL_VALUE" : "initialValue",
       "additionalInfo" : "",
       "associationList" : null,
       "componentTypeId" : "Default_TextField",
       "entityProperties" : null,
       "field" : {
        "____oref" : 24
       },
       "groupLayoutName" : null,
       "groupName" : null,
       "hintText" : {
       "____type" : "LocalisedString",
       "en-US" : ""
       },
       "includeKeywordHitCountPersistable" : true,
       "isAutoCommitted" : false,
       "isExportable" : false,
       "isMandatory" : false,
       "isMandatoryPossible" : false,
       "isShowLabel" : true,
       "keywordList" : null,
       "label" : {
       "____type" : "LocalisedString",
       "en-US" : "Medical Event ID"
       },
       "processDescRef" : null,
       "sequence" : 6,
       "supportsReadOnly" : true,
       "view" : {
        "____oref" : 51
       }
      },
      {
       "____oid" : 63,
       "____type" : "FrameworkDynamicEntities.API.EntityInterfaces.EIViewField",
       "INITIAL_VALUE" : "initialValue",
       "additionalInfo" : "",
       "associationList" : null,
       "componentTypeId" : "Default_TextField",
       "entityProperties" : null,
       "field" : {
        "____oref" : 28
       },
       "groupLayoutName" : null,
       "groupName" : null,
       "hintText" : {
       "____type" : "LocalisedString",
       "en-US" : ""
       },
       "includeKeywordHitCountPersistable" : true,
       "isAutoCommitted" : false,
       "isExportable" : false,
       "isMandatory" : false,
       "isMandatoryPossible" : false,
       "isShowLabel" : true,
       "keywordList" : null,
       "label" : {
       "____type" : "LocalisedString",
       "en-US" : "Patient"
       },
       "processDescRef" : null,
       "sequence" : 7,
       "supportsReadOnly" : true,
       "view" : {
        "____oref" : 51
       }
      },
      {
       "____oid" : 64,
       "____type" : "FrameworkDynamicEntities.API.EntityInterfaces.EIViewField",
       "INITIAL_VALUE" : "initialValue",
       "additionalInfo" : "",
       "associationList" : null,
       "componentTypeId" : "Default_TextField",
       "entityProperties" : null,
       "field" : {
        "____oref" : 32
       },
       "groupLayoutName" : null,
       "groupName" : null,
       "hintText" : {
       "____type" : "LocalisedString",
       "en-US" : ""
       },
       "includeKeywordHitCountPersistable" : true,
       "isAutoCommitted" : false,
       "isExportable" : false,
       "isMandatory" : false,
       "isMandatoryPossible" : false,
       "isShowLabel" : true,
       "keywordList" : null,
       "label" : {
       "____type" : "LocalisedString",
       "en-US" : "Provider"
       },
       "processDescRef" : null,
       "sequence" : 8,
       "supportsReadOnly" : true,
       "view" : {
        "____oref" : 51
       }
      },
      {
       "____oid" : 65,
       "____type" : "FrameworkDynamicEntities.API.EntityInterfaces.EIViewField",
       "INITIAL_VALUE" : "initialValue",
       "additionalInfo" : "",
       "associationList" : null,
       "componentTypeId" : "Default_TextField",
       "entityProperties" : null,
       "field" : {
        "____oref" : 36
       },
       "groupLayoutName" : null,
       "groupName" : null,
       "hintText" : {
       "____type" : "LocalisedString",
       "en-US" : ""
       },
       "includeKeywordHitCountPersistable" : true,
       "isAutoCommitted" : false,
       "isExportable" : false,
       "isMandatory" : false,
       "isMandatoryPossible" : false,
       "isShowLabel" : true,
       "keywordList" : null,
       "label" : {
       "____type" : "LocalisedString",
       "en-US" : "Record Type"
       },
       "processDescRef" : null,
       "sequence" : 9,
       "supportsReadOnly" : true,
       "view" : {
        "____oref" : 51
       }
      },
      {
       "____oid" : 66,
       "____type" : "FrameworkDynamicEntities.API.EntityInterfaces.EIViewField",
       "INITIAL_VALUE" : "initialValue",
       "additionalInfo" : "",
       "associationList" : null,
       "componentTypeId" : "Default_TextField",
       "entityProperties" : null,
       "field" : {
        "____oref" : 40
       },
       "groupLayoutName" : null,
       "groupName" : null,
       "hintText" : {
       "____type" : "LocalisedString",
       "en-US" : ""
       },
       "includeKeywordHitCountPersistable" : true,
       "isAutoCommitted" : false,
       "isExportable" : false,
       "isMandatory" : false,
       "isMandatoryPossible" : false,
       "isShowLabel" : true,
       "keywordList" : null,
       "label" : {
       "____type" : "LocalisedString",
       "en-US" : "Case Notes"
       },
       "processDescRef" : null,
       "sequence" : 10,
       "supportsReadOnly" : true,
       "view" : {
        "____oref" : 51
       }
      },
      {
       "____oid" : 67,
       "____type" : "FrameworkDynamicEntities.API.EntityInterfaces.EIViewField",
       "INITIAL_VALUE" : "initialValue",
       "additionalInfo" : "",
       "associationList" : null,
       "componentTypeId" : "Default_TextField",
       "entityProperties" : null,
       "field" : {
        "____oref" : 44
       },
       "groupLayoutName" : null,
       "groupName" : null,
       "hintText" : {
       "____type" : "LocalisedString",
       "en-US" : ""
       },
       "includeKeywordHitCountPersistable" : true,
       "isAutoCommitted" : false,
       "isExportable" : false,
       "isMandatory" : false,
       "isMandatoryPossible" : false,
       "isShowLabel" : true,
       "keywordList" : null,
       "label" : {
       "____type" : "LocalisedString",
       "en-US" : "Procedure Facility"
       },
       "processDescRef" : null,
       "sequence" : 11,
       "supportsReadOnly" : true,
       "view" : {
        "____oref" : 51
       }
      }
     ]
    },
    "viewGroups" : {
     "____oid" : 68,
     "____type" : "FrameworkDynamicEntities.Implementation.ViewGroup.Objects.ViewGroupList",
     "____listValues" : [
      {
       "____oid" : 69,
       "____type" : "FrameworkDynamicEntities.API.EntityInterfaces.EIViewGroup",
       "additionalInfo" : "",
       "associationList" : null,
       "displayGroupName" : {
       "____type" : "LocalisedString",
       "en-US" : ""
       },
       "entityProperties" : null,
       "groupLayoutName" : null,
       "includeKeywordHitCountPersistable" : true,
       "isAutoCommitted" : false,
       "isExportable" : false,
       "keywordList" : null,
       "supportsReadOnly" : true,
       "view" : {
        "____oref" : 51
       },
       "viewName" : "Create"
      }
     ]
    }
   },
   {
    "____oid" : 70,
    "____type" : "FrameworkDynamicEntities.API.EntityInterfaces.EIDynamicEntityLayoutView",
    "additionalInfo" : "",
    "associationList" : {
     "____oid" : 71,
     "____type" : "FrameworkEVA.Implementation.Association.Objects.AssociationList",
     "isPartiallyLoaded" : false,
     "parentEntity" : {
      "____oref" : 70
     },
     "____listValues" : [
      
     ]
    },
    "displayName" : {
    "____type" : "LocalisedString",
    "en-US" : "DTrak View"
    },
    "entityMinorVersion" : 0,
    "entityProperties" : {
     "____oid" : 72,
     "____type" : "FrameworkEVA.API.Interfaces.EIEntityProperties",
     "additionalInfo" : "",
     "associationList" : null,
     "entityProperties" : null,
     "includeKeywordHitCountPersistable" : true,
     "isAutoCommitted" : false,
     "isExportable" : false,
     "keywordList" : null,
     "persistableEntity" : {
      "____oref" : 70
     },
     "propertyMap" : {
      "____oid" : 73,
      "____type" : "FrameworkCommon.API.Objects.Map",
      "mapData" : {
       "numColumns" : "2"
      }
     },
     "supportsReadOnly" : true
    },
    "entityVersion" : 0,
    "exportLocale" : "ALL",
    "includeKeywordHitCountPersistable" : true,
    "isAutoCommitted" : false,
    "isExportable" : false,
    "isNew" : false,
    "isPreview" : false,
    "keywordList" : null,
    "lastModifiedDate" : {
     "____type" : "Date", "value" : 1600309135783
    },
    "layoutType" : "LabelComponentLayout",
    "migratableReference" : "uJo2a33WXK1lU7d4beQ297",
    "name" : "View",
    "parentEntityDefinition" : {
     "____oref" : 0
    },
    "supportsReadOnly" : true,
    "typeName" : "DynamicEntityViewED",
    "useTabs" : false,
    "version" : 1,
    "viewFields" : {
     "____oid" : 74,
     "____type" : "FrameworkDynamicEntities.Implementation.ViewField.Objects.ViewFieldList",
     "____listValues" : [
      {
       "____oid" : 75,
       "____type" : "FrameworkDynamicEntities.API.EntityInterfaces.EIViewField",
       "INITIAL_VALUE" : "initialValue",
       "additionalInfo" : "",
       "associationList" : null,
       "componentTypeId" : "ReadOnly_TextField",
       "entityProperties" : null,
       "field" : {
        "____oref" : 4
       },
       "groupLayoutName" : null,
       "groupName" : null,
       "hintText" : {
       "____type" : "LocalisedString"
       },
       "includeKeywordHitCountPersistable" : true,
       "isAutoCommitted" : false,
       "isExportable" : false,
       "isMandatory" : false,
       "isMandatoryPossible" : false,
       "isShowLabel" : true,
       "keywordList" : null,
       "label" : {
       "____type" : "LocalisedString",
       "en-US" : "Division"
       },
       "processDescRef" : null,
       "sequence" : 1,
       "supportsReadOnly" : true,
       "view" : {
        "____oref" : 70
       }
      },
      {
       "____oid" : 76,
       "____type" : "FrameworkDynamicEntities.API.EntityInterfaces.EIViewField",
       "INITIAL_VALUE" : "initialValue",
       "additionalInfo" : "",
       "associationList" : null,
       "componentTypeId" : "ReadOnly_TextField",
       "entityProperties" : null,
       "field" : {
        "____oref" : 8
       },
       "groupLayoutName" : null,
       "groupName" : null,
       "hintText" : {
       "____type" : "LocalisedString",
       "en-US" : ""
       },
       "includeKeywordHitCountPersistable" : true,
       "isAutoCommitted" : false,
       "isExportable" : false,
       "isMandatory" : false,
       "isMandatoryPossible" : false,
       "isShowLabel" : true,
       "keywordList" : null,
       "label" : {
       "____type" : "LocalisedString",
       "en-US" : "DTrak Task ID"
       },
       "processDescRef" : null,
       "sequence" : 2,
       "supportsReadOnly" : true,
       "view" : {
        "____oref" : 70
       }
      },
      {
       "____oid" : 77,
       "____type" : "FrameworkDynamicEntities.API.EntityInterfaces.EIViewField",
       "INITIAL_VALUE" : "initialValue",
       "additionalInfo" : "",
       "associationList" : null,
       "entityProperties" : null,
       "field" : {
        "____oref" : 12
       },
       "groupLayoutName" : null,
       "groupName" : null,
       "hintText" : {
       "____type" : "LocalisedString",
       "en-US" : ""
       },
       "includeKeywordHitCountPersistable" : true,
       "isAutoCommitted" : false,
       "isExportable" : false,
       "isMandatory" : false,
       "isMandatoryPossible" : false,
       "isShowLabel" : true,
       "keywordList" : null,
       "label" : {
       "____type" : "LocalisedString",
       "en-US" : "DTrak URL"
       },
       "processDescRef" : {
        "____oid" : 78,
        "____type" : "FrameworkEVA.API.Interfaces.EIProcessDescriptorReference",
        "additionalInfo" : "",
        "associationList" : null,
        "entityProperties" : null,
        "exportedConfig" : null,
        "includeKeywordHitCountPersistable" : true,
        "isAutoCommitted" : false,
        "isExportable" : false,
        "isShared" : false,
        "keywordList" : null,
        "processDescriptorId" : "ComponentURLViewer:::FrameworkDynamicEntities.Implementation.URLField.Process.URLViewer",
        "supportsReadOnly" : true
       },
       "sequence" : 3,
       "supportsReadOnly" : true,
       "view" : {
        "____oref" : 70
       }
      },
      {
       "____oid" : 79,
       "____type" : "FrameworkDynamicEntities.API.EntityInterfaces.EIViewField",
       "INITIAL_VALUE" : "initialValue",
       "additionalInfo" : "",
       "associationList" : null,
       "componentTypeId" : "ReadOnly_TextField",
       "entityProperties" : null,
       "field" : {
        "____oref" : 16
       },
       "groupLayoutName" : null,
       "groupName" : null,
       "hintText" : {
       "____type" : "LocalisedString",
       "en-US" : ""
       },
       "includeKeywordHitCountPersistable" : true,
       "isAutoCommitted" : false,
       "isExportable" : false,
       "isMandatory" : false,
       "isMandatoryPossible" : false,
       "isShowLabel" : true,
       "keywordList" : null,
       "label" : {
       "____type" : "LocalisedString",
       "en-US" : "Submitter"
       },
       "processDescRef" : null,
       "sequence" : 4,
       "supportsReadOnly" : true,
       "view" : {
        "____oref" : 70
       }
      },
      {
       "____oid" : 80,
       "____type" : "FrameworkDynamicEntities.API.EntityInterfaces.EIViewField",
       "INITIAL_VALUE" : "initialValue",
       "additionalInfo" : "",
       "associationList" : null,
       "componentTypeId" : "ReadOnly_DateField",
       "entityProperties" : null,
       "field" : {
        "____oref" : 20
       },
       "groupLayoutName" : null,
       "groupName" : null,
       "hintText" : {
       "____type" : "LocalisedString",
       "en-US" : ""
       },
       "includeKeywordHitCountPersistable" : true,
       "isAutoCommitted" : false,
       "isExportable" : false,
       "isMandatory" : false,
       "isMandatoryPossible" : false,
       "isShowLabel" : true,
       "keywordList" : null,
       "label" : {
       "____type" : "LocalisedString",
       "en-US" : "Created Date"
       },
       "processDescRef" : null,
       "sequence" : 5,
       "supportsReadOnly" : true,
       "view" : {
        "____oref" : 70
       }
      },
      {
       "____oid" : 81,
       "____type" : "FrameworkDynamicEntities.API.EntityInterfaces.EIViewField",
       "INITIAL_VALUE" : "initialValue",
       "additionalInfo" : "",
       "associationList" : null,
       "componentTypeId" : "ReadOnly_TextField",
       "entityProperties" : null,
       "field" : {
        "____oref" : 24
       },
       "groupLayoutName" : null,
       "groupName" : null,
       "hintText" : {
       "____type" : "LocalisedString",
       "en-US" : ""
       },
       "includeKeywordHitCountPersistable" : true,
       "isAutoCommitted" : false,
       "isExportable" : false,
       "isMandatory" : false,
       "isMandatoryPossible" : false,
       "isShowLabel" : true,
       "keywordList" : null,
       "label" : {
       "____type" : "LocalisedString",
       "en-US" : "Medical Event ID"
       },
       "processDescRef" : null,
       "sequence" : 6,
       "supportsReadOnly" : true,
       "view" : {
        "____oref" : 70
       }
      },
      {
       "____oid" : 82,
       "____type" : "FrameworkDynamicEntities.API.EntityInterfaces.EIViewField",
       "INITIAL_VALUE" : "initialValue",
       "additionalInfo" : "",
       "associationList" : null,
       "componentTypeId" : "ReadOnly_TextField",
       "entityProperties" : null,
       "field" : {
        "____oref" : 28
       },
       "groupLayoutName" : null,
       "groupName" : null,
       "hintText" : {
       "____type" : "LocalisedString",
       "en-US" : ""
       },
       "includeKeywordHitCountPersistable" : true,
       "isAutoCommitted" : false,
       "isExportable" : false,
       "isMandatory" : false,
       "isMandatoryPossible" : false,
       "isShowLabel" : true,
       "keywordList" : null,
       "label" : {
       "____type" : "LocalisedString",
       "en-US" : "Patient"
       },
       "processDescRef" : null,
       "sequence" : 7,
       "supportsReadOnly" : true,
       "view" : {
        "____oref" : 70
       }
      },
      {
       "____oid" : 83,
       "____type" : "FrameworkDynamicEntities.API.EntityInterfaces.EIViewField",
       "INITIAL_VALUE" : "initialValue",
       "additionalInfo" : "",
       "associationList" : null,
       "componentTypeId" : "ReadOnly_TextField",
       "entityProperties" : null,
       "field" : {
        "____oref" : 32
       },
       "groupLayoutName" : null,
       "groupName" : null,
       "hintText" : {
       "____type" : "LocalisedString",
       "en-US" : ""
       },
       "includeKeywordHitCountPersistable" : true,
       "isAutoCommitted" : false,
       "isExportable" : false,
       "isMandatory" : false,
       "isMandatoryPossible" : false,
       "isShowLabel" : true,
       "keywordList" : null,
       "label" : {
       "____type" : "LocalisedString",
       "en-US" : "Provider"
       },
       "processDescRef" : null,
       "sequence" : 8,
       "supportsReadOnly" : true,
       "view" : {
        "____oref" : 70
       }
      },
      {
       "____oid" : 84,
       "____type" : "FrameworkDynamicEntities.API.EntityInterfaces.EIViewField",
       "INITIAL_VALUE" : "initialValue",
       "additionalInfo" : "",
       "associationList" : null,
       "componentTypeId" : "ReadOnly_TextField",
       "entityProperties" : null,
       "field" : {
        "____oref" : 36
       },
       "groupLayoutName" : null,
       "groupName" : null,
       "hintText" : {
       "____type" : "LocalisedString",
       "en-US" : ""
       },
       "includeKeywordHitCountPersistable" : true,
       "isAutoCommitted" : false,
       "isExportable" : false,
       "isMandatory" : false,
       "isMandatoryPossible" : false,
       "isShowLabel" : true,
       "keywordList" : null,
       "label" : {
       "____type" : "LocalisedString",
       "en-US" : "Record Type"
       },
       "processDescRef" : null,
       "sequence" : 9,
       "supportsReadOnly" : true,
       "view" : {
        "____oref" : 70
       }
      },
      {
       "____oid" : 85,
       "____type" : "FrameworkDynamicEntities.API.EntityInterfaces.EIViewField",
       "INITIAL_VALUE" : "initialValue",
       "additionalInfo" : "",
       "associationList" : null,
       "componentTypeId" : "ReadOnly_TextField",
       "entityProperties" : null,
       "field" : {
        "____oref" : 40
       },
       "groupLayoutName" : null,
       "groupName" : null,
       "hintText" : {
       "____type" : "LocalisedString",
       "en-US" : ""
       },
       "includeKeywordHitCountPersistable" : true,
       "isAutoCommitted" : false,
       "isExportable" : false,
       "isMandatory" : false,
       "isMandatoryPossible" : false,
       "isShowLabel" : true,
       "keywordList" : null,
       "label" : {
       "____type" : "LocalisedString",
       "en-US" : "Case Notes"
       },
       "processDescRef" : null,
       "sequence" : 10,
       "supportsReadOnly" : true,
       "view" : {
        "____oref" : 70
       }
      },
      {
       "____oid" : 86,
       "____type" : "FrameworkDynamicEntities.API.EntityInterfaces.EIViewField",
       "INITIAL_VALUE" : "initialValue",
       "additionalInfo" : "",
       "associationList" : null,
       "componentTypeId" : "ReadOnly_TextField",
       "entityProperties" : null,
       "field" : {
        "____oref" : 44
       },
       "groupLayoutName" : null,
       "groupName" : null,
       "hintText" : {
       "____type" : "LocalisedString",
       "en-US" : ""
       },
       "includeKeywordHitCountPersistable" : true,
       "isAutoCommitted" : false,
       "isExportable" : false,
       "isMandatory" : false,
       "isMandatoryPossible" : false,
       "isShowLabel" : true,
       "keywordList" : null,
       "label" : {
       "____type" : "LocalisedString",
       "en-US" : "Procedure Facility"
       },
       "processDescRef" : null,
       "sequence" : 11,
       "supportsReadOnly" : true,
       "view" : {
        "____oref" : 70
       }
      }
     ]
    },
    "viewGroups" : {
     "____oid" : 87,
     "____type" : "FrameworkDynamicEntities.Implementation.ViewGroup.Objects.ViewGroupList",
     "____listValues" : [
      {
       "____oid" : 88,
       "____type" : "FrameworkDynamicEntities.API.EntityInterfaces.EIViewGroup",
       "additionalInfo" : "",
       "associationList" : null,
       "displayGroupName" : {
       "____type" : "LocalisedString",
       "en-US" : ""
       },
       "entityProperties" : null,
       "groupLayoutName" : null,
       "includeKeywordHitCountPersistable" : true,
       "isAutoCommitted" : false,
       "isExportable" : false,
       "keywordList" : null,
       "supportsReadOnly" : true,
       "view" : {
        "____oref" : 70
       },
       "viewName" : "View"
      }
     ]
    }
   }
  ]
 }
},
 "localProperties" : {
  "____oid" : 1,
  "____type" : "FrameworkEVA.API.Objects.MigrationManifestProperties",
  "VERSION" : "5.8.5",
  "contents" : {
   "____oid" : 2,
   "____type" : "GTMap",
   "DynamicEntityDefinitionEDMedtronicDTrakDataED___0___ALL" : "DynamicEntityDefinitionED",
   "VLpDEpUmd43g9Gqaim4596___0___ALL" : "DynamicEntityViewED",
   "uJo2a33WXK1lU7d4beQ297___0___ALL" : "DynamicEntityViewED"
  },
  "migratableDependencies" : {
   "____oid" : 3,
   "____type" : "GTMap"
  },
  "ownerMigratableReferences" : {
   "____oid" : 4,
   "____type" : "GT.Runtime.DefaultDocuments.GTList",
   "____listValues" : [
    "DynamicEntityDefinitionEDMedtronicDTrakDataED___0"
   ]
  },
  "references" : {
   "____oid" : 5,
   "____type" : "GTMap",
   "DynamicEntityDefinitionED___0" : "EntityDefinitionED",
   "StringField___FieldTypeID" : "FieldTypeIdReplacerReviver",
   "URLField___FieldTypeID" : "FieldTypeIdReplacerReviver",
   "DateField___FieldTypeID" : "FieldTypeIdReplacerReviver",
   "BaseDynamicEntity___0" : "superEntityDefinitionId",
   "LabelComponentLayout___0" : "LayoutTypeReplacerReviver",
   "ComponentURL:::FrameworkDynamicEntities.Implementation.URLField.Process.URLEditor___0" : "processDescriptorId",
   "ComponentURLViewer:::FrameworkDynamicEntities.Implementation.URLField.Process.URLViewer___0" : "processDescriptorId"
  }
 }
}