{
 "____oid" : 0,
 "____type" : "FrameworkEVA.Implementation.Migration.EntityLocaleHolder",
 "entityHolderMap" : {
  "____oid" : 1,
  "____type" : "GTMap",
  "en-US" : {
 "____oid" : 0,
 "____type" : "FrameworkCaseHandling.API.Interfaces.WorkingHoursCalendar.EIWorkingHoursCalendar",
 "additionalInfo" : "",
 "assignedCaseTypes" : 0,
 "associationList" : null,
 "createdBy" : "ccadmin",
 "creationTime" : {
  "____type" : "Date", "value" : 1601913789407
 },
 "description" : "This is a Default Working Hours Calendar",
 "detailsList" : {
  "____oid" : 1,
  "____type" : "FrameworkCaseHandling.API.Interfaces.WorkingHoursCalendar.WorkingHoursCalendarDetailList",
  "____listValues" : [
   {
    "____oid" : 2,
    "____type" : "FrameworkCaseHandling.API.Interfaces.WorkingHoursCalendar.EIWorkingHoursCalendarDetail",
    "additionalInfo" : "",
    "associationList" : null,
    "createdBy" : "ccadmin",
    "creationTime" : {
     "____type" : "Date", "value" : 1601913789407
    },
    "dayNo" : 0,
    "endTime" : 1020,
    "entityProperties" : null,
    "includeKeywordHitCountPersistable" : true,
    "isActive" : false,
    "isAutoCommitted" : false,
    "isExportable" : false,
    "keywordList" : null,
    "lastModified" : {
     "____type" : "Date", "value" : 1601913789407
    },
    "lastModifiedBy" : "ccadmin",
    "startTime" : 540,
    "supportsReadOnly" : true
   },
   {
    "____oid" : 3,
    "____type" : "FrameworkCaseHandling.API.Interfaces.WorkingHoursCalendar.EIWorkingHoursCalendarDetail",
    "additionalInfo" : "",
    "associationList" : null,
    "createdBy" : "ccadmin",
    "creationTime" : {
     "____type" : "Date", "value" : 1601913789410
    },
    "dayNo" : 1,
    "endTime" : 1020,
    "entityProperties" : null,
    "includeKeywordHitCountPersistable" : true,
    "isActive" : true,
    "isAutoCommitted" : false,
    "isExportable" : false,
    "keywordList" : null,
    "lastModified" : {
     "____type" : "Date", "value" : 1601913789410
    },
    "lastModifiedBy" : "ccadmin",
    "startTime" : 540,
    "supportsReadOnly" : true
   },
   {
    "____oid" : 4,
    "____type" : "FrameworkCaseHandling.API.Interfaces.WorkingHoursCalendar.EIWorkingHoursCalendarDetail",
    "additionalInfo" : "",
    "associationList" : null,
    "createdBy" : "ccadmin",
    "creationTime" : {
     "____type" : "Date", "value" : 1601913789410
    },
    "dayNo" : 2,
    "endTime" : 1020,
    "entityProperties" : null,
    "includeKeywordHitCountPersistable" : true,
    "isActive" : true,
    "isAutoCommitted" : false,
    "isExportable" : false,
    "keywordList" : null,
    "lastModified" : {
     "____type" : "Date", "value" : 1601913789410
    },
    "lastModifiedBy" : "ccadmin",
    "startTime" : 540,
    "supportsReadOnly" : true
   },
   {
    "____oid" : 5,
    "____type" : "FrameworkCaseHandling.API.Interfaces.WorkingHoursCalendar.EIWorkingHoursCalendarDetail",
    "additionalInfo" : "",
    "associationList" : null,
    "createdBy" : "ccadmin",
    "creationTime" : {
     "____type" : "Date", "value" : 1601913789410
    },
    "dayNo" : 3,
    "endTime" : 1020,
    "entityProperties" : null,
    "includeKeywordHitCountPersistable" : true,
    "isActive" : true,
    "isAutoCommitted" : false,
    "isExportable" : false,
    "keywordList" : null,
    "lastModified" : {
     "____type" : "Date", "value" : 1601913789410
    },
    "lastModifiedBy" : "ccadmin",
    "startTime" : 540,
    "supportsReadOnly" : true
   },
   {
    "____oid" : 6,
    "____type" : "FrameworkCaseHandling.API.Interfaces.WorkingHoursCalendar.EIWorkingHoursCalendarDetail",
    "additionalInfo" : "",
    "associationList" : null,
    "createdBy" : "ccadmin",
    "creationTime" : {
     "____type" : "Date", "value" : 1601913789410
    },
    "dayNo" : 4,
    "endTime" : 1020,
    "entityProperties" : null,
    "includeKeywordHitCountPersistable" : true,
    "isActive" : true,
    "isAutoCommitted" : false,
    "isExportable" : false,
    "keywordList" : null,
    "lastModified" : {
     "____type" : "Date", "value" : 1601913789410
    },
    "lastModifiedBy" : "ccadmin",
    "startTime" : 540,
    "supportsReadOnly" : true
   },
   {
    "____oid" : 7,
    "____type" : "FrameworkCaseHandling.API.Interfaces.WorkingHoursCalendar.EIWorkingHoursCalendarDetail",
    "additionalInfo" : "",
    "associationList" : null,
    "createdBy" : "ccadmin",
    "creationTime" : {
     "____type" : "Date", "value" : 1601913789410
    },
    "dayNo" : 5,
    "endTime" : 1020,
    "entityProperties" : null,
    "includeKeywordHitCountPersistable" : true,
    "isActive" : true,
    "isAutoCommitted" : false,
    "isExportable" : false,
    "keywordList" : null,
    "lastModified" : {
     "____type" : "Date", "value" : 1601913789410
    },
    "lastModifiedBy" : "ccadmin",
    "startTime" : 540,
    "supportsReadOnly" : true
   },
   {
    "____oid" : 8,
    "____type" : "FrameworkCaseHandling.API.Interfaces.WorkingHoursCalendar.EIWorkingHoursCalendarDetail",
    "additionalInfo" : "",
    "associationList" : null,
    "createdBy" : "ccadmin",
    "creationTime" : {
     "____type" : "Date", "value" : 1601913789410
    },
    "dayNo" : 6,
    "endTime" : 1020,
    "entityProperties" : null,
    "includeKeywordHitCountPersistable" : true,
    "isActive" : false,
    "isAutoCommitted" : false,
    "isExportable" : false,
    "keywordList" : null,
    "lastModified" : {
     "____type" : "Date", "value" : 1601913789410
    },
    "lastModifiedBy" : "ccadmin",
    "startTime" : 540,
    "supportsReadOnly" : true
   }
  ]
 },
 "entityMinorVersion" : 0,
 "entityProperties" : null,
 "entityVersion" : 0,
 "exportLocale" : "ALL",
 "holidayHashTable" : {
  "____oid" : 9,
  "____type" : "FrameworkCommon.API.Objects.Hashtable",
  "keySet" : {
   "____oid" : 10,
   "____type" : "GT.Runtime.DefaultDocuments.GTList",
   "____listValues" : [
    
   ]
  }
 },
 "holidayList" : {
  "____oid" : 11,
  "____type" : "FrameworkCaseHandling.API.Interfaces.WorkingHoursCalendar.WorkingHoursCalendarHolidayList",
  "____listValues" : [
   
  ]
 },
 "includeKeywordHitCountPersistable" : true,
 "isAutoCommitted" : false,
 "isDeleted" : false,
 "isExportable" : false,
 "keywordList" : null,
 "lastModified" : {
  "____type" : "Date", "value" : 1601913789407
 },
 "lastModifiedBy" : "aktest",
 "lastModifiedDate" : {
  "____type" : "Date", "value" : 1602099596453
 },
 "migratableReference" : "WorkingHoursCalendarED_Default Working Hours Calendar",
 "migrationFlag" : true,
 "name" : "Default Working Hours Calendar",
 "supportsReadOnly" : true,
 "timeZone" : null,
 "typeName" : "WorkingHoursCalendarED",
 "version" : 1
}
 },
 "localProperties" : {
  "____oid" : 2,
  "____type" : "FrameworkEVA.API.Objects.MigrationManifestProperties",
  "VERSION" : "5.8.5",
  "contents" : {
   "____oid" : 3,
   "____type" : "GTMap",
   "WorkingHoursCalendarED_Default Working Hours Calendar___0___ALL" : "WorkingHoursCalendarED"
  },
  "migratableDependencies" : {
   "____oid" : 4,
   "____type" : "GTMap"
  },
  "ownerMigratableReferences" : {
   "____oid" : 5,
   "____type" : "GT.Runtime.DefaultDocuments.GTList",
   "____listValues" : [
    "WorkingHoursCalendarED_Default Working Hours Calendar___0"
   ]
  },
  "references" : {
   "____oid" : 6,
   "____type" : "GTMap"
  }
 }
}