<?xml version="1.0" encoding="UTF-8"?>
<!DOCTYPE DataAdapter [] >
  <PackageEntry>
    <ImportDeclaration
        name="Validation">
      <PackageSpecifier
          name="">
        <PackageName
            name="FrameworkCommon" />
        <PackageName
            name="API" />
        <PackageName
            name="Objects" />
      </PackageSpecifier>
      <PackageEntryReference
          name="Validation" />
    </ImportDeclaration>
    <ImportDeclaration
        name="CHANN_EMAIL_ADDRESSDBO">
      <PackageSpecifier
          name="">
        <PackageName
            name="CoreEmail" />
        <PackageName
            name="Implementation" />
        <PackageName
            name="Database" />
      </PackageSpecifier>
      <PackageEntryReference
          name="CHANN_EMAIL_ADDRESS" />
    </ImportDeclaration>
    <ImportDeclaration
        name="EmailAddress">
      <PackageSpecifier
          name="">
        <PackageName
            name="CoreEmail" />
        <PackageName
            name="Implementation" />
        <PackageName
            name="Email" />
        <PackageName
            name="EmailAddress" />
      </PackageSpecifier>
      <PackageEntryReference
          name="EmailAddress" />
    </ImportDeclaration>
    <ImportDeclaration
        name="EmailAddressList">
      <PackageSpecifier
          name="">
        <PackageName
            name="CoreEmail" />
        <PackageName
            name="Implementation" />
        <PackageName
            name="Email" />
        <PackageName
            name="EmailAddress" />
      </PackageSpecifier>
      <PackageEntryReference
          name="EmailAddressList" />
    </ImportDeclaration>
    <ImportDeclaration
        name="EvaId">
      <PackageSpecifier
          name="">
        <PackageName
            name="FrameworkEVA" />
        <PackageName
            name="API" />
        <PackageName
            name="Objects" />
      </PackageSpecifier>
      <PackageEntryReference
          name="EvaId" />
    </ImportDeclaration>
    <ImportDeclaration
        name="EvaIdFactory">
      <PackageSpecifier
          name="">
        <PackageName
            name="FrameworkEVA" />
        <PackageName
            name="API" />
        <PackageName
            name="Objects" />
      </PackageSpecifier>
      <PackageEntryReference
          name="EvaIdFactory" />
    </ImportDeclaration>
    <ImportDeclaration
        name="Common">
      <PackageSpecifier
          name="">
        <PackageName
            name="CoreEmail" />
        <PackageName
            name="Implementation" />
        <PackageName
            name="Email" />
      </PackageSpecifier>
      <PackageEntryReference
          name="Common" />
    </ImportDeclaration>
    <DataAdapter
        designNotes="Undefined"
        isPrivate="false"
        name="EmailAddressAdapter"
        nested="false"
        version="10">
      <ClassProcedures
          name="">
        <Procedure
            name="removeByEmailID"
            nested="true" />
      </ClassProcedures>
      <DataGraph
          exceptionStrategy="-1"
          name="convertFromEmailAddress">
        <ParameterDataNode
            condition=""
            id="0"
            name=""
            sector="0"
            synchronisation="false"
            violates_sync="false"
            x="30"
            y="30">
          <ObjectField
              isAggregate="false"
              isAttribute="false"
              name="emailAddress">
            <ObjectField_loc
                locale="">
              <Format />
            </ObjectField_loc>
            <TypeDefinitionReference
                name="EmailAddress"
                nested="false" />
          </ObjectField>
        </ParameterDataNode>
        <ResultDataNode
            condition=""
            id="1"
            name=""
            sector="0"
            synchronisation="false"
            violates_sync="false"
            x="806"
            y="157">
          <ObjectField
              isAggregate="false"
              isAttribute="false"
              name="channEmailAddressdboDBO">
            <ObjectField_loc
                locale="">
              <Format />
            </ObjectField_loc>
            <TypeDefinitionReference
                name="CHANN_EMAIL_ADDRESSDBO"
                nested="false" />
          </ObjectField>
        </ResultDataNode>
        <RecordDataNode
            builtIn="false"
            compactView="false"
            condition=""
            id="2"
            name=""
            rowInstance="false"
            sector="0"
            syncNode="false"
            synchronisation="false"
            type="false"
            violates_sync="false"
            x="41"
            y="102">
          <RecordDefinitionReference
              name="EmailAddress"
              nested="false" />
        </RecordDataNode>
        <RecordDataNode
            builtIn="false"
            compactView="false"
            condition=""
            id="3"
            name=""
            rowInstance="false"
            sector="0"
            syncNode="false"
            synchronisation="false"
            type="false"
            violates_sync="false"
            x="551"
            y="157">
          <RecordDefinitionReference
              name="CHANN_EMAIL_ADDRESSDBO"
              nested="false" />
        </RecordDataNode>
        <RecordDataNode
            builtIn="false"
            compactView="false"
            condition=""
            id="4"
            name=""
            rowInstance="false"
            sector="0"
            syncNode="false"
            synchronisation="false"
            type="false"
            violates_sync="false"
            x="341"
            y="212">
          <RecordDefinitionReference
              name="EvaId"
              nested="false" />
        </RecordDataNode>
        <DataMapping
            condition=""
            destinationField=".instance"
            destinationID="2"
            optional="false"
            sourceField="emailAddress"
            sourceID="0"
            violates_sync="true" />
        <DataMapping
            condition=""
            destinationField=".instance"
            destinationID="1"
            optional="false"
            sourceField=".instance"
            sourceID="3"
            violates_sync="true" />
        <DataMapping
            condition=""
            destinationField="EMAIL_ADDRESS"
            destinationID="3"
            optional="false"
            sourceField="emailAddress"
            sourceID="2"
            violates_sync="true" />
        <DataMapping
            condition=""
            destinationField="TYPE"
            destinationID="3"
            optional="false"
            sourceField="type"
            sourceID="2"
            violates_sync="true" />
        <DataMapping
            condition="value != null"
            destinationField=".instance"
            destinationID="4"
            optional="false"
            sourceField="id"
            sourceID="2"
            violates_sync="true" />
        <DataMapping
            condition=""
            destinationField="ID"
            destinationID="3"
            optional="true"
            sourceField="id"
            sourceID="4"
            violates_sync="true" />
      </DataGraph>
      <DataGraph
          exceptionStrategy="-1"
          name="convertToEmailAddress">
        <ParameterDataNode
            condition=""
            id="0"
            name=""
            sector="0"
            synchronisation="false"
            violates_sync="false"
            x="17"
            y="12">
          <ObjectField
              isAggregate="false"
              isAttribute="false"
              name="channEmailAddressdboDBO">
            <ObjectField_loc
                locale="">
              <Format />
            </ObjectField_loc>
            <TypeDefinitionReference
                name="CHANN_EMAIL_ADDRESSDBO"
                nested="false" />
          </ObjectField>
        </ParameterDataNode>
        <ResultDataNode
            condition=""
            id="1"
            name=""
            sector="0"
            synchronisation="false"
            violates_sync="false"
            x="1171"
            y="127">
          <ObjectField
              isAggregate="false"
              isAttribute="false"
              name="emailAddress">
            <ObjectField_loc
                locale="">
              <Format />
            </ObjectField_loc>
            <TypeDefinitionReference
                name="EmailAddress"
                nested="false" />
          </ObjectField>
        </ResultDataNode>
        <RecordDataNode
            builtIn="false"
            compactView="false"
            condition=""
            id="3"
            name=""
            rowInstance="false"
            sector="0"
            syncNode="false"
            synchronisation="false"
            type="false"
            violates_sync="false"
            x="231"
            y="32">
          <RecordDefinitionReference
              name="CHANN_EMAIL_ADDRESSDBO"
              nested="false" />
        </RecordDataNode>
        <RecordDataNode
            builtIn="false"
            compactView="false"
            condition=""
            id="2"
            name=""
            rowInstance="false"
            sector="0"
            syncNode="false"
            synchronisation="false"
            type="false"
            violates_sync="false"
            x="906"
            y="127">
          <RecordDefinitionReference
              name="EmailAddress"
              nested="false" />
        </RecordDataNode>
        <FunctionDataNode
            builtIn="false"
            classMethod="true"
            compactView="false"
            condition=""
            id="4"
            iterating="false"
            listParameterName=""
            methodName="createIEvaId"
            name=""
            parameterNames="id, envId, releaseId"
            rowInstance="false"
            sector="0"
            syncNode="false"
            synchronisation="false"
            type="false"
            violates_sync="false"
            x="601"
            y="87">
          <RecordDefinitionReference
              name="EvaIdFactory"
              nested="false" />
        </FunctionDataNode>
        <FunctionDataNode
            builtIn="false"
            classMethod="true"
            compactView="false"
            condition=""
            id="5"
            iterating="false"
            listParameterName=""
            methodName="EmailAddress"
            name=""
            parameterNames="address"
            rowInstance="false"
            sector="0"
            syncNode="false"
            synchronisation="false"
            type="false"
            violates_sync="false"
            x="636"
            y="27">
          <RecordDefinitionReference
              name="EmailAddress"
              nested="false" />
        </FunctionDataNode>
        <DataMapping
            condition=""
            destinationField=".instance"
            destinationID="3"
            optional="false"
            sourceField="channEmailAddressdboDBO"
            sourceID="0"
            violates_sync="true" />
        <DataMapping
            condition=""
            destinationField=".instance"
            destinationID="1"
            optional="false"
            sourceField=".instance"
            sourceID="2"
            violates_sync="true" />
        <DataMapping
            condition=""
            destinationField="id"
            destinationID="4"
            optional="false"
            sourceField="ID"
            sourceID="3"
            violates_sync="true" />
        <DataMapping
            condition=""
            destinationField="id"
            destinationID="2"
            optional="false"
            sourceField=".result"
            sourceID="4"
            violates_sync="true" />
        <DataMapping
            condition=""
            destinationField="type"
            destinationID="2"
            optional="false"
            sourceField="TYPE"
            sourceID="3"
            violates_sync="true" />
        <DataMapping
            condition=""
            destinationField="address"
            destinationID="5"
            optional="false"
            sourceField="EMAIL_ADDRESS"
            sourceID="3"
            violates_sync="true" />
        <DataMapping
            condition=""
            destinationField=".instance"
            destinationID="2"
            optional="false"
            sourceField=".instance"
            sourceID="5"
            violates_sync="true" />
      </DataGraph>
      <DataGraph
          exceptionStrategy="1"
          name="saveEmailAddress">
        <ParameterDataNode
            condition=""
            id="0"
            name=""
            sector="0"
            synchronisation="false"
            violates_sync="false"
            x="57"
            y="87">
          <StringField
              isAttribute="false"
              length="0"
              name="emailAddress">
            <StringField_loc
                locale="">
              <Format />
            </StringField_loc>
          </StringField>
          <IntegerField
              isAttribute="false"
              name="id">
            <IntegerField_loc
                locale="">
              <Format />
            </IntegerField_loc>
          </IntegerField>
          <StringField
              isAttribute="false"
              length="0"
              name="type">
            <StringField_loc
                locale="">
              <Format />
            </StringField_loc>
          </StringField>
        </ParameterDataNode>
        <ResultDataNode
            condition=""
            id="1"
            name=""
            sector="1"
            synchronisation="false"
            violates_sync="false"
            x="1031"
            y="107">
          <IntegerField
              isAttribute="false"
              name="result">
            <IntegerField_loc
                locale="">
              <Format />
            </IntegerField_loc>
          </IntegerField>
        </ResultDataNode>
        <FunctionDataNode
            builtIn="false"
            classMethod="false"
            compactView="false"
            condition=""
            id="3"
            iterating="false"
            listParameterName=""
            methodName="put"
            name=""
            parameterNames=""
            rowInstance="false"
            sector="1"
            syncNode="false"
            synchronisation="false"
            type="false"
            violates_sync="false"
            x="876"
            y="222">
          <RecordDefinitionReference
              name="CHANN_EMAIL_ADDRESSDBO"
              nested="false" />
        </FunctionDataNode>
        <FunctionDataNode
            builtIn="false"
            classMethod="true"
            compactView="false"
            condition=""
            id="4"
            iterating="false"
            listParameterName=""
            methodName="convertFromEmailAddress"
            name=""
            parameterNames="emailAddress"
            rowInstance="false"
            sector="0"
            syncNode="false"
            synchronisation="false"
            type="false"
            violates_sync="false"
            x="266"
            y="47">
          <RecordDefinitionReference
              name="EmailAddressAdapter"
              nested="false" />
        </FunctionDataNode>
        <RecordDataNode
            builtIn="false"
            compactView="false"
            condition=""
            id="5"
            name=""
            rowInstance="false"
            sector="0"
            syncNode="false"
            synchronisation="false"
            type="false"
            violates_sync="false"
            x="301"
            y="247">
          <RecordDefinitionReference
              name="CHANN_EMAIL_ADDRESSDBO"
              nested="false" />
        </RecordDataNode>
        <DataMapping
            condition=""
            destinationField=".instance"
            destinationID="1"
            optional="false"
            sourceField=".result"
            sourceID="3"
            violates_sync="false" />
        <DataMapping
            condition=""
            destinationField="emailAddress"
            destinationID="4"
            optional="false"
            sourceField="emailAddress"
            sourceID="0"
            violates_sync="false" />
        <DataMapping
            condition=""
            destinationField=".instance"
            destinationID="5"
            optional="false"
            sourceField=".result"
            sourceID="4"
            violates_sync="false" />
        <DataMapping
            condition=""
            destinationField="TYPE"
            destinationID="5"
            optional="false"
            sourceField="type"
            sourceID="0"
            violates_sync="false" />
        <DataMapping
            condition=""
            destinationField=".instance"
            destinationID="3"
            optional="false"
            sourceField=".instance"
            sourceID="5"
            violates_sync="false" />
        <DataMapping
            condition=""
            destinationField="ID"
            destinationID="5"
            optional="false"
            sourceField="id"
            sourceID="0"
            violates_sync="false" />
        <SyncLine
            name=""
            x="836"
            y="0" />
      </DataGraph>
      <DataGraph
          exceptionStrategy="1"
          name="saveEmailAddressList">
        <ParameterDataNode
            condition=""
            id="0"
            name=""
            sector="0"
            synchronisation="false"
            violates_sync="false"
            x="72"
            y="92">
          <ObjectField
              isAggregate="false"
              isAttribute="false"
              name="emailAddressList">
            <ObjectField_loc
                locale="">
              <Format />
            </ObjectField_loc>
            <TypeDefinitionReference
                name="EmailAddressList"
                nested="false" />
          </ObjectField>
          <StringField
              isAttribute="false"
              length="0"
              name="type">
            <StringField_loc
                locale="">
              <Format />
            </StringField_loc>
          </StringField>
          <IntegerField
              isAttribute="false"
              name="id">
            <IntegerField_loc
                locale="">
              <Format />
            </IntegerField_loc>
          </IntegerField>
        </ParameterDataNode>
        <ResultDataNode
            condition=""
            id="1"
            name=""
            sector="0"
            synchronisation="false"
            violates_sync="false"
            x="1101"
            y="322">
          <IntegerField
              isAttribute="false"
              name="result">
            <IntegerField_loc
                locale="">
              <Format />
            </IntegerField_loc>
          </IntegerField>
        </ResultDataNode>
        <FunctionDataNode
            builtIn="false"
            classMethod="true"
            compactView="false"
            condition=""
            id="3"
            iterating="true"
            listParameterName="emailAddress"
            methodName="saveEmailAddress"
            name=""
            parameterNames="emailAddress, guid, type"
            rowInstance="false"
            sector="0"
            syncNode="false"
            synchronisation="false"
            type="false"
            violates_sync="false"
            x="476"
            y="107">
          <RecordDefinitionReference
              name="EmailAddressAdapter"
              nested="false" />
        </FunctionDataNode>
        <FunctionDataNode
            builtIn="false"
            classMethod="true"
            compactView="false"
            condition=""
            id="4"
            iterating="false"
            listParameterName=""
            methodName="checkList"
            name=""
            parameterNames="list"
            rowInstance="false"
            sector="0"
            syncNode="false"
            synchronisation="false"
            type="false"
            violates_sync="false"
            x="861"
            y="302">
          <RecordDefinitionReference
              name="Common"
              nested="false" />
        </FunctionDataNode>
        <FunctionDataNode
            builtIn="true"
            classMethod="true"
            compactView="false"
            condition=""
            id="5"
            iterating="false"
            listParameterName=""
            methodName="GTList"
            name=""
            parameterNames=""
            rowInstance="false"
            sector="0"
            syncNode="false"
            synchronisation="false"
            type="false"
            violates_sync="false"
            x="277"
            y="302">
          <RecordDefinitionReference
              name="GTList"
              nested="false" />
        </FunctionDataNode>
        <DataMapping
            condition=""
            destinationField="type"
            destinationID="3"
            optional="false"
            sourceField="type"
            sourceID="0"
            violates_sync="false" />
        <DataMapping
            condition=""
            destinationField="list"
            destinationID="4"
            optional="false"
            sourceField=".destinationList"
            sourceID="3"
            violates_sync="false" />
        <DataMapping
            condition=""
            destinationField=".instance"
            destinationID="1"
            optional="false"
            sourceField=".result"
            sourceID="4"
            violates_sync="false" />
        <DataMapping
            condition=""
            destinationField=".destinationList"
            destinationID="3"
            optional="false"
            sourceField=".instance"
            sourceID="5"
            violates_sync="false" />
        <DataMapping
            condition=""
            destinationField=".sourceList"
            destinationID="3"
            optional="false"
            sourceField="emailAddressList"
            sourceID="0"
            violates_sync="false" />
        <DataMapping
            condition=""
            destinationField="id"
            destinationID="3"
            optional="false"
            sourceField="id"
            sourceID="0"
            violates_sync="false" />
      </DataGraph>
      <DataGraph
          exceptionStrategy="1"
          name="getListByEmailId">
        <ParameterDataNode
            condition=""
            id="0"
            name=""
            sector="0"
            synchronisation="false"
            violates_sync="false"
            x="12"
            y="12">
          <ObjectField
              isAggregate="false"
              isAttribute="false"
              name="emailId">
            <ObjectField_loc
                locale="">
              <Format />
            </ObjectField_loc>
            <TypeDefinitionReference
                name="IEvaId"
                nested="false" />
          </ObjectField>
        </ParameterDataNode>
        <ResultDataNode
            condition=""
            id="1"
            name=""
            sector="0"
            synchronisation="false"
            violates_sync="false"
            x="1461"
            y="107">
          <ObjectField
              isAggregate="false"
              isAttribute="false"
              name="result">
            <ObjectField_loc
                locale="">
              <Format />
            </ObjectField_loc>
            <TypeDefinitionReference
                name="EmailAddressList"
                nested="false" />
          </ObjectField>
        </ResultDataNode>
        <FunctionDataNode
            builtIn="false"
            classMethod="false"
            compactView="false"
            condition=""
            id="2"
            iterating="false"
            listParameterName=""
            methodName="fetchByExample"
            name=""
            parameterNames="orderBy"
            rowInstance="false"
            sector="0"
            syncNode="false"
            synchronisation="false"
            type="false"
            violates_sync="false"
            x="621"
            y="17">
          <RecordDefinitionReference
              name="CHANN_EMAIL_ADDRESSDBO"
              nested="false" />
        </FunctionDataNode>
        <RecordDataNode
            builtIn="false"
            compactView="false"
            condition=""
            id="3"
            name=""
            rowInstance="false"
            sector="0"
            syncNode="false"
            synchronisation="false"
            type="false"
            violates_sync="false"
            x="351"
            y="17">
          <RecordDefinitionReference
              name="CHANN_EMAIL_ADDRESSDBO"
              nested="false" />
        </RecordDataNode>
        <RecordDataNode
            builtIn="false"
            compactView="false"
            condition=""
            id="5"
            name=""
            rowInstance="false"
            sector="0"
            syncNode="false"
            synchronisation="false"
            type="false"
            violates_sync="false"
            x="796"
            y="132">
          <RecordDefinitionReference
              name="EmailAddressList"
              nested="false" />
        </RecordDataNode>
        <FunctionDataNode
            builtIn="false"
            classMethod="false"
            compactView="false"
            condition=""
            id="6"
            iterating="false"
            listParameterName=""
            methodName="getId"
            name=""
            parameterNames=""
            rowInstance="false"
            sector="0"
            syncNode="false"
            synchronisation="false"
            type="false"
            violates_sync="false"
            x="181"
            y="32">
          <RecordDefinitionReference
              name="IEvaId"
              nested="false" />
        </FunctionDataNode>
        <FunctionDataNode
            builtIn="false"
            classMethod="true"
            compactView="true"
            condition=""
            id="7"
            iterating="true"
            listParameterName="channEmailAddressdboDBO"
            methodName="convertToEmailAddress"
            name=""
            parameterNames="channEmailAddressdboDBO"
            rowInstance="false"
            sector="0"
            syncNode="false"
            synchronisation="false"
            type="false"
            violates_sync="false"
            x="1006"
            y="67">
          <RecordDefinitionReference
              name="EmailAddressAdapter"
              nested="false" />
        </FunctionDataNode>
        <DataMapping
            condition=""
            destinationField=".instance"
            destinationID="2"
            optional="false"
            sourceField=".instance"
            sourceID="3"
            violates_sync="true" />
        <DataMapping
            condition=""
            destinationField=".instance"
            destinationID="6"
            optional="false"
            sourceField="emailId"
            sourceID="0"
            violates_sync="true" />
        <DataMapping
            condition=""
            destinationField="ID"
            destinationID="3"
            optional="false"
            sourceField=".result"
            sourceID="6"
            violates_sync="true" />
        <DataMapping
            condition=""
            destinationField=".destinationList"
            destinationID="7"
            optional="false"
            sourceField=".instance"
            sourceID="5"
            violates_sync="true" />
        <DataMapping
            condition=""
            destinationField=".sourceList"
            destinationID="7"
            optional="false"
            sourceField=".result"
            sourceID="2"
            violates_sync="true" />
        <DataMapping
            condition=""
            destinationField=".instance"
            destinationID="1"
            optional="false"
            sourceField=".destinationList"
            sourceID="7"
            violates_sync="true" />
      </DataGraph>
    </DataAdapter>
  </PackageEntry>
