<?xml version="1.0" encoding="UTF-8"?>
<!DOCTYPE DataAdapter [] >
  <PackageEntry>
    <ImportDeclaration
        name="CHANN_EMAIL_ATTDBO">
      <PackageSpecifier
          name="">
        <PackageName
            name="CoreEmail" />
        <PackageName
            name="Implementation" />
        <PackageName
            name="Database" />
      </PackageSpecifier>
      <PackageEntryReference
          name="CHANN_EMAIL_ATT" />
    </ImportDeclaration>
    <ImportDeclaration
        name="FileLocationAdapter">
      <PackageSpecifier
          name="">
        <PackageName
            name="CoreCommon" />
        <PackageName
            name="FileStorage" />
        <PackageName
            name="Integration" />
        <PackageName
            name="Adapter" />
      </PackageSpecifier>
      <PackageEntryReference
          name="FileLocationAdapter" />
    </ImportDeclaration>
    <ImportDeclaration
        name="Validation">
      <PackageSpecifier
          name="">
        <PackageName
            name="FrameworkCommon" />
        <PackageName
            name="API" />
        <PackageName
            name="Objects" />
      </PackageSpecifier>
      <PackageEntryReference
          name="Validation" />
    </ImportDeclaration>
    <ImportDeclaration
        name="CORE_FILE_LOCATION">
      <PackageSpecifier
          name="">
        <PackageName
            name="CoreCommon" />
        <PackageName
            name="FileStorage" />
        <PackageName
            name="Integration" />
        <PackageName
            name="Database" />
      </PackageSpecifier>
      <PackageEntryReference
          name="CORE_FILE_LOCATION" />
    </ImportDeclaration>
    <ImportDeclaration
        name="FileLocation">
      <PackageSpecifier
          name="">
        <PackageName
            name="CoreCommon" />
        <PackageName
            name="FileStorage" />
        <PackageName
            name="Object" />
      </PackageSpecifier>
      <PackageEntryReference
          name="FileLocation" />
    </ImportDeclaration>
    <ImportDeclaration
        name="IdGenerator">
      <PackageSpecifier
          name="">
        <PackageName
            name="FrameworkCommon" />
        <PackageName
            name="API" />
        <PackageName
            name="UniqueID" />
      </PackageSpecifier>
      <PackageEntryReference
          name="IdGenerator" />
    </ImportDeclaration>
    <ImportDeclaration
        name="StorageLocation">
      <PackageSpecifier
          name="">
        <PackageName
            name="CoreCommon" />
        <PackageName
            name="FileStorage" />
        <PackageName
            name="Object" />
      </PackageSpecifier>
      <PackageEntryReference
          name="StorageLocation" />
    </ImportDeclaration>
    <ImportDeclaration
        name="EvaId">
      <PackageSpecifier
          name="">
        <PackageName
            name="FrameworkEVA" />
        <PackageName
            name="API" />
        <PackageName
            name="Objects" />
      </PackageSpecifier>
      <PackageEntryReference
          name="EvaId" />
    </ImportDeclaration>
    <ImportDeclaration
        name="EvaIdFactory">
      <PackageSpecifier
          name="">
        <PackageName
            name="FrameworkEVA" />
        <PackageName
            name="API" />
        <PackageName
            name="Objects" />
      </PackageSpecifier>
      <PackageEntryReference
          name="EvaIdFactory" />
    </ImportDeclaration>
    <ImportDeclaration
        name="Common">
      <PackageSpecifier
          name="">
        <PackageName
            name="CoreEmail" />
        <PackageName
            name="Implementation" />
        <PackageName
            name="Email" />
      </PackageSpecifier>
      <PackageEntryReference
          name="Common" />
    </ImportDeclaration>
    <ImportDeclaration
        name="EIEmailAttachment">
      <PackageSpecifier
          name="">
        <PackageName
            name="CoreEmail" />
        <PackageName
            name="API" />
      </PackageSpecifier>
      <PackageEntryReference
          name="EIEmailAttachment" />
    </ImportDeclaration>
    <ImportDeclaration
        name="DatabaseUtil">
      <PackageSpecifier
          name="">
        <PackageName
            name="FrameworkCommon" />
        <PackageName
            name="API" />
        <PackageName
            name="Objects" />
      </PackageSpecifier>
      <PackageEntryReference
          name="DatabaseUtil" />
    </ImportDeclaration>
    <DataAdapter
        designNotes="Undefined"
        isPrivate="false"
        name="EmailAttachmentAdapter"
        nested="false"
        version="10">
      <ClassFields>
        <StringField
            isAttribute="false"
            length="0"
            name="EMAIL_ATT_KEY">
          <StringField_loc
              locale="">
            <Format />
            <JavascriptFunction
                exceptionStrategy="0"
                language="EcmaScript"
                name=""
                version="">
              <Verbatim
                  fieldName="text">
<![CDATA["Channels_Email_Att"]]>
              </Verbatim>
            </JavascriptFunction>
          </StringField_loc>
        </StringField>
        <StringField
            designNotes="Represents the ID_KEY_NAME for email attachments"
            isAttribute="false"
            length="0"
            name="ID_KEY_NAME">
          <StringField_loc
              locale="">
            <Format />
            <JavascriptFunction
                exceptionStrategy="0"
                language="EcmaScript"
                name=""
                version="">
              <Verbatim
                  fieldName="text">
<![CDATA["CHANN_EMAIL_ATT"]]>
              </Verbatim>
            </JavascriptFunction>
          </StringField_loc>
        </StringField>
        <IntegerField
            designNotes=""
            isAttribute="false"
            name="MAX_ATTACHMENT_TYPE_LENGTH">
          <IntegerField_loc
              locale="">
            <Format />
            <JavascriptFunction
                exceptionStrategy="0"
                language="EcmaScript"
                name=""
                version="">
              <Verbatim
                  fieldName="text">
<![CDATA[20]]>
              </Verbatim>
            </JavascriptFunction>
          </IntegerField_loc>
        </IntegerField>
      </ClassFields>
      <ClassProcedures
          name="">
        <Procedure
            name="getName"
            nested="true" />
        <Procedure
            name="getType"
            nested="true" />
        <Procedure
            name="createGTWAttachmentList"
            nested="true" />
        <Procedure
            name="checkAllSuccessfull"
            nested="true" />
        <Procedure
            name="saveAttachmentListWithLocation"
            nested="true" />
        <Procedure
            name="loadBinary"
            nested="true" />
        <Procedure
            name="getOriginalFileName"
            nested="true" />
        <Procedure
            name="removeByFileLocationID"
            nested="true" />
        <Procedure
            name="removeByEmailID"
            nested="true" />
      </ClassProcedures>
      <DataGraph
          exceptionStrategy="1"
          name="convertFromEmailAttachment">
        <ParameterDataNode
            condition=""
            id="0"
            name=""
            sector="0"
            synchronisation="false"
            violates_sync="false"
            x="27"
            y="37">
          <ObjectField
              isAggregate="false"
              isAttribute="false"
              name="emailAttachment">
            <ObjectField_loc
                locale="">
              <Format />
            </ObjectField_loc>
            <TypeDefinitionReference
                name="EIEmailAttachment"
                nested="false" />
          </ObjectField>
        </ParameterDataNode>
        <ResultDataNode
            condition=""
            id="1"
            name=""
            sector="0"
            synchronisation="false"
            violates_sync="false"
            x="846"
            y="12">
          <ObjectField
              isAggregate="false"
              isAttribute="false"
              name="result">
            <ObjectField_loc
                locale="">
              <Format />
            </ObjectField_loc>
            <TypeDefinitionReference
                name="CHANN_EMAIL_ATTDBO"
                nested="false" />
          </ObjectField>
        </ResultDataNode>
        <RecordDataNode
            builtIn="false"
            compactView="false"
            condition=""
            id="3"
            name=""
            rowInstance="false"
            sector="0"
            syncNode="false"
            synchronisation="false"
            type="false"
            violates_sync="false"
            x="811"
            y="137">
          <RecordDefinitionReference
              name="CHANN_EMAIL_ATTDBO"
              nested="false" />
        </RecordDataNode>
        <RecordDataNode
            builtIn="false"
            compactView="false"
            condition=""
            id="10"
            name=""
            rowInstance="false"
            sector="0"
            syncNode="false"
            synchronisation="false"
            type="false"
            violates_sync="false"
            x="511"
            y="92">
          <RecordDefinitionReference
              name="EvaId"
              nested="false" />
        </RecordDataNode>
        <RecordDataNode
            builtIn="false"
            compactView="false"
            condition=""
            id="11"
            name=""
            rowInstance="false"
            sector="0"
            syncNode="false"
            synchronisation="false"
            type="false"
            violates_sync="false"
            x="516"
            y="247">
          <RecordDefinitionReference
              name="EvaId"
              nested="false" />
        </RecordDataNode>
        <FunctionDataNode
            builtIn="false"
            classMethod="true"
            compactView="false"
            condition=""
            id="12"
            iterating="false"
            listParameterName=""
            methodName="getType"
            name=""
            parameterNames="filename"
            rowInstance="false"
            sector="0"
            syncNode="false"
            synchronisation="false"
            type="false"
            violates_sync="false"
            x="456"
            y="372">
          <RecordDefinitionReference
              name="EmailAttachmentAdapter"
              nested="false" />
        </FunctionDataNode>
        <RecordDataNode
            builtIn="false"
            compactView="false"
            condition=""
            id="13"
            name=""
            rowInstance="false"
            sector="0"
            syncNode="false"
            synchronisation="false"
            type="false"
            violates_sync="false"
            x="156"
            y="87">
          <RecordDefinitionReference
              name="EIEmailAttachment"
              nested="false" />
        </RecordDataNode>
        <FunctionDataNode
            builtIn="false"
            classMethod="true"
            compactView="false"
            condition=""
            id="15"
            iterating="false"
            listParameterName=""
            methodName="booleanToString"
            name=""
            parameterNames="value"
            rowInstance="false"
            sector="0"
            syncNode="false"
            synchronisation="false"
            type="false"
            violates_sync="false"
            x="476"
            y="492">
          <RecordDefinitionReference
              name="DatabaseUtil"
              nested="false" />
        </FunctionDataNode>
        <DataMapping
            condition=""
            destinationField=".instance"
            destinationID="1"
            optional="false"
            sourceField=".instance"
            sourceID="3"
            violates_sync="true" />
        <DataMapping
            condition=""
            destinationField="EMAIL_ID"
            destinationID="3"
            optional="false"
            sourceField="id"
            sourceID="10"
            violates_sync="true" />
        <DataMapping
            condition=""
            destinationField="ID"
            destinationID="3"
            optional="true"
            sourceField="id"
            sourceID="11"
            violates_sync="true" />
        <DataMapping
            condition=""
            destinationField="TYPE"
            destinationID="3"
            optional="false"
            sourceField=".result"
            sourceID="12"
            violates_sync="true" />
        <DataMapping
            condition="value != null"
            destinationField=".instance"
            destinationID="11"
            optional="false"
            sourceField="id"
            sourceID="13"
            violates_sync="true" />
        <DataMapping
            condition=""
            destinationField="filename"
            destinationID="12"
            optional="false"
            sourceField="fileName"
            sourceID="13"
            violates_sync="true" />
        <DataMapping
            condition=""
            destinationField="FILE_NAME"
            destinationID="3"
            optional="false"
            sourceField="fileName"
            sourceID="13"
            violates_sync="true" />
        <DataMapping
            condition=""
            destinationField="FILE_LOC"
            destinationID="3"
            optional="false"
            sourceField="fileLocId"
            sourceID="13"
            violates_sync="true" />
        <DataMapping
            condition=""
            destinationField=".instance"
            destinationID="10"
            optional="false"
            sourceField="emailId"
            sourceID="13"
            violates_sync="true" />
        <DataMapping
            condition=""
            destinationField=".instance"
            destinationID="13"
            optional="false"
            sourceField="emailAttachment"
            sourceID="0"
            violates_sync="true" />
        <DataMapping
            condition=""
            destinationField="ORIGINAL_FILE_NAME"
            destinationID="3"
            optional="false"
            sourceField="originalFileName"
            sourceID="13"
            violates_sync="true" />
        <DataMapping
            condition=""
            destinationField="value"
            destinationID="15"
            optional="false"
            sourceField="isInline"
            sourceID="13"
            violates_sync="true" />
        <DataMapping
            condition=""
            destinationField="IS_INLINE"
            destinationID="3"
            optional="false"
            sourceField=".result"
            sourceID="15"
            violates_sync="true" />
        <DataMapping
            condition=""
            destinationField="originalFileType"
            destinationID="12"
            optional="false"
            sourceField="fileType"
            sourceID="13"
            violates_sync="true" />
      </DataGraph>
      <DataGraph
          exceptionStrategy="1"
          name="convertToEmailAttachment">
        <ParameterDataNode
            condition=""
            id="0"
            name=""
            sector="0"
            synchronisation="false"
            violates_sync="false"
            x="27"
            y="102">
          <ObjectField
              isAggregate="false"
              isAttribute="false"
              name="channEmailAttdboDBO">
            <ObjectField_loc
                locale="">
              <Format />
            </ObjectField_loc>
            <TypeDefinitionReference
                name="CHANN_EMAIL_ATTDBO"
                nested="false" />
          </ObjectField>
        </ParameterDataNode>
        <ResultDataNode
            condition=""
            id="1"
            name=""
            sector="0"
            synchronisation="false"
            violates_sync="false"
            x="1216"
            y="182">
          <ObjectField
              isAggregate="false"
              isAttribute="false"
              name="result">
            <ObjectField_loc
                locale="">
              <Format />
            </ObjectField_loc>
            <TypeDefinitionReference
                name="EIEmailAttachment"
                nested="false" />
          </ObjectField>
        </ResultDataNode>
        <RecordDataNode
            builtIn="false"
            compactView="false"
            condition=""
            id="3"
            name=""
            rowInstance="false"
            sector="0"
            syncNode="false"
            synchronisation="false"
            type="false"
            violates_sync="false"
            x="211"
            y="127">
          <RecordDefinitionReference
              name="CHANN_EMAIL_ATTDBO"
              nested="false" />
        </RecordDataNode>
        <FunctionDataNode
            builtIn="false"
            classMethod="true"
            compactView="false"
            condition=""
            id="5"
            iterating="false"
            listParameterName=""
            methodName="getFileLocationById"
            name=""
            parameterNames="id"
            rowInstance="false"
            sector="0"
            syncNode="false"
            synchronisation="false"
            type="false"
            violates_sync="false"
            x="496"
            y="257">
          <RecordDefinitionReference
              name="FileLocationAdapter"
              nested="false" />
        </FunctionDataNode>
        <FunctionDataNode
            builtIn="false"
            classMethod="true"
            compactView="false"
            condition=""
            id="7"
            iterating="false"
            listParameterName=""
            methodName="createIEvaId"
            name=""
            parameterNames="id, envId, releaseId"
            rowInstance="false"
            sector="0"
            syncNode="false"
            synchronisation="false"
            type="false"
            violates_sync="false"
            x="471"
            y="12">
          <RecordDefinitionReference
              name="EvaIdFactory"
              nested="false" />
        </FunctionDataNode>
        <FunctionDataNode
            builtIn="false"
            classMethod="true"
            compactView="false"
            condition=""
            id="8"
            iterating="false"
            listParameterName=""
            methodName="createIEvaId"
            name=""
            parameterNames="id, envId, releaseId"
            rowInstance="false"
            sector="0"
            syncNode="false"
            synchronisation="false"
            type="false"
            violates_sync="false"
            x="461"
            y="372">
          <RecordDefinitionReference
              name="EvaIdFactory"
              nested="false" />
        </FunctionDataNode>
        <RecordDataNode
            builtIn="false"
            compactView="false"
            condition=""
            id="9"
            name=""
            rowInstance="false"
            sector="0"
            syncNode="false"
            synchronisation="false"
            type="false"
            violates_sync="false"
            x="986"
            y="297">
          <RecordDefinitionReference
              name="EIEmailAttachment"
              nested="false" />
        </RecordDataNode>
        <FunctionDataNode
            builtIn="false"
            classMethod="true"
            compactView="false"
            condition=""
            id="10"
            iterating="false"
            listParameterName=""
            methodName="stringToBoolean"
            name=""
            parameterNames="value"
            rowInstance="false"
            sector="0"
            syncNode="false"
            synchronisation="false"
            type="false"
            violates_sync="false"
            x="486"
            y="568">
          <RecordDefinitionReference
              name="DatabaseUtil"
              nested="false" />
        </FunctionDataNode>
        <DataMapping
            condition=""
            destinationField=".instance"
            destinationID="3"
            optional="false"
            sourceField="channEmailAttdboDBO"
            sourceID="0"
            violates_sync="true" />
        <DataMapping
            condition="value != null"
            destinationField="id"
            destinationID="5"
            optional="false"
            sourceField="FILE_LOC"
            sourceID="3"
            violates_sync="true" />
        <DataMapping
            condition=""
            destinationField="id"
            destinationID="7"
            optional="false"
            sourceField="EMAIL_ID"
            sourceID="3"
            violates_sync="true" />
        <DataMapping
            condition="value != null"
            destinationField="id"
            destinationID="8"
            optional="false"
            sourceField="ID"
            sourceID="3"
            violates_sync="true" />
        <DataMapping
            condition=""
            destinationField="emailId"
            destinationID="9"
            optional="false"
            sourceField=".result"
            sourceID="7"
            violates_sync="true" />
        <DataMapping
            condition=""
            destinationField="fileLocId"
            destinationID="9"
            optional="false"
            sourceField="FILE_LOC"
            sourceID="3"
            violates_sync="true" />
        <DataMapping
            condition=""
            destinationField="filelocation"
            destinationID="9"
            optional="false"
            sourceField=".result"
            sourceID="5"
            violates_sync="true" />
        <DataMapping
            condition=""
            destinationField="fileName"
            destinationID="9"
            optional="false"
            sourceField="FILE_NAME"
            sourceID="3"
            violates_sync="true" />
        <DataMapping
            condition=""
            destinationField="id"
            destinationID="9"
            optional="false"
            sourceField=".result"
            sourceID="8"
            violates_sync="true" />
        <DataMapping
            condition=""
            destinationField="fileType"
            destinationID="9"
            optional="false"
            sourceField="TYPE"
            sourceID="3"
            violates_sync="true" />
        <DataMapping
            condition=""
            destinationField=".instance"
            destinationID="1"
            optional="false"
            sourceField=".instance"
            sourceID="9"
            violates_sync="true" />
        <DataMapping
            condition=""
            destinationField="originalFileName"
            destinationID="9"
            optional="false"
            sourceField="ORIGINAL_FILE_NAME"
            sourceID="3"
            violates_sync="true" />
        <DataMapping
            condition=""
            destinationField="isInline"
            destinationID="9"
            optional="false"
            sourceField=".result"
            sourceID="10"
            violates_sync="true" />
        <DataMapping
            condition=""
            destinationField="value"
            destinationID="10"
            optional="false"
            sourceField="IS_INLINE"
            sourceID="3"
            violates_sync="true" />
      </DataGraph>
      <DataGraph
          exceptionStrategy="1"
          name="saveWithoutBinary">
        <ParameterDataNode
            condition=""
            id="0"
            name=""
            sector="0"
            synchronisation="false"
            violates_sync="false"
            x="17"
            y="132">
          <StringField
              isAttribute="false"
              length="0"
              name="filename">
            <StringField_loc
                locale="">
              <Format />
            </StringField_loc>
          </StringField>
          <IntegerField
              isAttribute="false"
              name="coreFileLocId">
            <IntegerField_loc
                locale="">
              <Format />
            </IntegerField_loc>
          </IntegerField>
          <IntegerField
              isAttribute="false"
              name="emailId">
            <IntegerField_loc
                locale="">
              <Format />
            </IntegerField_loc>
          </IntegerField>
          <StringField
              isAttribute="false"
              length="0"
              name="originalFileName">
            <StringField_loc
                locale="">
              <Format />
            </StringField_loc>
          </StringField>
        </ParameterDataNode>
        <ResultDataNode
            condition=""
            id="1"
            name=""
            sector="0"
            synchronisation="false"
            violates_sync="false"
            x="1551"
            y="207">
          <IntegerField
              isAttribute="false"
              name="result">
            <IntegerField_loc
                locale="">
              <Format />
            </IntegerField_loc>
          </IntegerField>
        </ResultDataNode>
        <FunctionDataNode
            builtIn="false"
            classMethod="false"
            compactView="false"
            condition=""
            id="3"
            iterating="false"
            listParameterName=""
            methodName="put"
            name=""
            parameterNames=""
            rowInstance="false"
            sector="0"
            syncNode="false"
            synchronisation="false"
            type="false"
            violates_sync="false"
            x="956"
            y="72">
          <RecordDefinitionReference
              name="CHANN_EMAIL_ATTDBO"
              nested="false" />
        </FunctionDataNode>
        <RecordDataNode
            builtIn="false"
            compactView="false"
            condition=""
            id="5"
            name=""
            rowInstance="false"
            sector="0"
            syncNode="false"
            synchronisation="false"
            type="false"
            violates_sync="false"
            x="661"
            y="122">
          <RecordDefinitionReference
              name="CHANN_EMAIL_ATTDBO"
              nested="false" />
        </RecordDataNode>
        <FunctionDataNode
            builtIn="false"
            classMethod="true"
            compactView="false"
            condition=""
            id="6"
            iterating="false"
            listParameterName=""
            methodName="checkAllSuccessfull"
            name=""
            parameterNames="save1, save2"
            rowInstance="false"
            sector="0"
            syncNode="false"
            synchronisation="false"
            type="false"
            violates_sync="false"
            x="1191"
            y="142">
          <RecordDefinitionReference
              name="EmailAttachmentAdapter"
              nested="false" />
        </FunctionDataNode>
        <FunctionDataNode
            builtIn="false"
            classMethod="true"
            compactView="false"
            condition=""
            id="7"
            iterating="false"
            listParameterName=""
            methodName="genId"
            name=""
            parameterNames="keyString, id"
            rowInstance="false"
            sector="0"
            syncNode="false"
            synchronisation="false"
            type="false"
            violates_sync="false"
            x="407"
            y="302">
          <RecordDefinitionReference
              name="Common"
              nested="false" />
        </FunctionDataNode>
        <RecordDataNode
            builtIn="false"
            compactView="false"
            condition=""
            id="8"
            name=""
            rowInstance="false"
            sector="0"
            syncNode="false"
            synchronisation="false"
            type="true"
            violates_sync="false"
            x="76"
            y="327">
          <RecordDefinitionReference
              name="EmailAttachmentAdapter"
              nested="false" />
        </RecordDataNode>
        <FunctionDataNode
            builtIn="false"
            classMethod="true"
            compactView="false"
            condition=""
            id="9"
            iterating="false"
            listParameterName=""
            methodName="getType"
            name=""
            parameterNames="obj"
            rowInstance="false"
            sector="0"
            syncNode="false"
            synchronisation="false"
            type="false"
            violates_sync="false"
            x="239"
            y="52">
          <RecordDefinitionReference
              name="EmailAttachmentAdapter"
              nested="false" />
        </FunctionDataNode>
        <DataMapping
            condition=""
            destinationField=".instance"
            destinationID="3"
            optional="false"
            sourceField=".instance"
            sourceID="5"
            violates_sync="true" />
        <DataMapping
            condition=""
            destinationField="save1"
            destinationID="6"
            optional="false"
            sourceField=".result"
            sourceID="3"
            violates_sync="true" />
        <DataMapping
            condition=""
            destinationField=".instance"
            destinationID="1"
            optional="false"
            sourceField=".result"
            sourceID="6"
            violates_sync="true" />
        <DataMapping
            condition=""
            destinationField="save2"
            destinationID="6"
            optional="false"
            sourceField="FILE_LOC"
            sourceID="5"
            violates_sync="true" />
        <DataMapping
            condition=""
            destinationField="FILE_NAME"
            destinationID="5"
            optional="false"
            sourceField="filename"
            sourceID="0"
            violates_sync="true" />
        <DataMapping
            condition=""
            destinationField="FILE_LOC"
            destinationID="5"
            optional="false"
            sourceField="coreFileLocId"
            sourceID="0"
            violates_sync="true" />
        <DataMapping
            condition=""
            destinationField="EMAIL_ID"
            destinationID="5"
            optional="false"
            sourceField="emailId"
            sourceID="0"
            violates_sync="true" />
        <DataMapping
            condition=""
            destinationField="keyString"
            destinationID="7"
            optional="false"
            sourceField="EMAIL_ATT_KEY"
            sourceID="8"
            violates_sync="true" />
        <DataMapping
            condition=""
            destinationField="ID"
            destinationID="5"
            optional="false"
            sourceField=".result"
            sourceID="7"
            violates_sync="true" />
        <DataMapping
            condition=""
            destinationField="TYPE"
            destinationID="5"
            optional="false"
            sourceField=".result"
            sourceID="9"
            violates_sync="true" />
        <DataMapping
            condition=""
            destinationField="filename"
            destinationID="9"
            optional="false"
            sourceField="filename"
            sourceID="0"
            violates_sync="true" />
        <DataMapping
            condition=""
            destinationField="ORIGINAL_FILE_NAME"
            destinationID="5"
            optional="false"
            sourceField="originalFileName"
            sourceID="0"
            violates_sync="true" />
      </DataGraph>
      <DataGraph
          exceptionStrategy="1"
          name="getAttachmentListByEmailId">
        <ParameterDataNode
            condition=""
            id="0"
            name=""
            sector="0"
            synchronisation="false"
            violates_sync="false"
            x="17"
            y="97">
          <IntegerField
              isAttribute="false"
              name="id">
            <IntegerField_loc
                locale="">
              <Format />
            </IntegerField_loc>
          </IntegerField>
        </ParameterDataNode>
        <ResultDataNode
            condition=""
            id="1"
            name=""
            sector="0"
            synchronisation="false"
            violates_sync="false"
            x="1051"
            y="152">
          <ObjectField
              isAggregate="false"
              isAttribute="false"
              name="result">
            <ObjectField_loc
                locale="">
              <Format />
            </ObjectField_loc>
            <TypeDefinitionReference
                name="EmailAttachmentList"
                nested="false" />
          </ObjectField>
        </ResultDataNode>
        <RecordDataNode
            builtIn="false"
            compactView="false"
            condition=""
            id="2"
            name=""
            rowInstance="false"
            sector="0"
            syncNode="false"
            synchronisation="false"
            type="false"
            violates_sync="false"
            x="256"
            y="97">
          <RecordDefinitionReference
              name="CHANN_EMAIL_ATTDBO"
              nested="false" />
        </RecordDataNode>
        <FunctionDataNode
            builtIn="false"
            classMethod="false"
            compactView="false"
            condition=""
            id="3"
            iterating="false"
            listParameterName=""
            methodName="fetchByExample"
            name=""
            parameterNames="orderBy"
            rowInstance="false"
            sector="0"
            syncNode="false"
            synchronisation="false"
            type="false"
            violates_sync="false"
            x="491"
            y="107">
          <RecordDefinitionReference
              name="CHANN_EMAIL_ATTDBO"
              nested="false" />
        </FunctionDataNode>
        <FunctionDataNode
            builtIn="false"
            classMethod="true"
            compactView="false"
            condition=""
            id="4"
            iterating="true"
            listParameterName="channEmailAttdboDBO"
            methodName="convertToEmailAttachment"
            name=""
            parameterNames="channEmailAttdboDBO"
            rowInstance="false"
            sector="0"
            syncNode="false"
            synchronisation="false"
            type="false"
            violates_sync="false"
            x="541"
            y="262">
          <RecordDefinitionReference
              name="EmailAttachmentAdapter"
              nested="false" />
        </FunctionDataNode>
        <FunctionDataNode
            builtIn="false"
            classMethod="true"
            compactView="false"
            condition=""
            id="5"
            iterating="false"
            listParameterName=""
            methodName="EmailAttachmentList"
            name=""
            parameterNames=""
            rowInstance="false"
            sector="0"
            syncNode="false"
            synchronisation="false"
            type="false"
            violates_sync="false"
            x="274"
            y="381">
          <RecordDefinitionReference
              name="EmailAttachmentList"
              nested="false" />
        </FunctionDataNode>
        <DataMapping
            condition=""
            destinationField=".instance"
            destinationID="3"
            optional="false"
            sourceField=".instance"
            sourceID="2"
            violates_sync="true" />
        <DataMapping
            condition=""
            destinationField=".sourceList"
            destinationID="4"
            optional="false"
            sourceField=".result"
            sourceID="3"
            violates_sync="true" />
        <DataMapping
            condition=""
            destinationField=".instance"
            destinationID="1"
            optional="false"
            sourceField=".destinationList"
            sourceID="4"
            violates_sync="true" />
        <DataMapping
            condition=""
            destinationField=".destinationList"
            destinationID="4"
            optional="false"
            sourceField=".instance"
            sourceID="5"
            violates_sync="true" />
        <DataMapping
            condition=""
            destinationField="EMAIL_ID"
            destinationID="2"
            optional="false"
            sourceField="id"
            sourceID="0"
            violates_sync="true" />
      </DataGraph>
      <DataGraph
          exceptionStrategy="1"
          name="getFileLocIdByAttId">
        <ParameterDataNode
            condition=""
            id="0"
            name=""
            sector="0"
            synchronisation="false"
            violates_sync="false"
            x="0"
            y="0">
          <IntegerField
              isAttribute="false"
              name="attId">
            <IntegerField_loc
                locale="">
              <Format />
            </IntegerField_loc>
          </IntegerField>
        </ParameterDataNode>
        <ResultDataNode
            condition=""
            id="1"
            name=""
            sector="0"
            synchronisation="false"
            violates_sync="false"
            x="1116"
            y="137">
          <IntegerField
              isAttribute="false"
              name="result">
            <IntegerField_loc
                locale="">
              <Format />
            </IntegerField_loc>
          </IntegerField>
        </ResultDataNode>
        <RecordDataNode
            builtIn="false"
            compactView="false"
            condition=""
            id="2"
            name=""
            rowInstance="false"
            sector="0"
            syncNode="false"
            synchronisation="false"
            type="false"
            violates_sync="false"
            x="196"
            y="67">
          <RecordDefinitionReference
              name="CHANN_EMAIL_ATTDBO"
              nested="false" />
        </RecordDataNode>
        <FunctionDataNode
            builtIn="false"
            classMethod="false"
            compactView="false"
            condition=""
            id="3"
            iterating="false"
            listParameterName=""
            methodName="findByExample"
            name=""
            parameterNames=""
            rowInstance="false"
            sector="0"
            syncNode="false"
            synchronisation="false"
            type="false"
            violates_sync="false"
            x="496"
            y="97">
          <RecordDefinitionReference
              name="CHANN_EMAIL_ATTDBO"
              nested="false" />
        </FunctionDataNode>
        <RecordDataNode
            builtIn="false"
            compactView="false"
            condition=""
            id="4"
            name=""
            rowInstance="false"
            sector="0"
            syncNode="false"
            synchronisation="false"
            type="false"
            violates_sync="false"
            x="856"
            y="112">
          <RecordDefinitionReference
              name="CHANN_EMAIL_ATTDBO"
              nested="false" />
        </RecordDataNode>
        <DataMapping
            condition=""
            destinationField="ID"
            destinationID="2"
            optional="false"
            sourceField="attId"
            sourceID="0"
            violates_sync="true" />
        <DataMapping
            condition=""
            destinationField=".instance"
            destinationID="3"
            optional="false"
            sourceField=".instance"
            sourceID="2"
            violates_sync="true" />
        <DataMapping
            condition=""
            destinationField=".instance"
            destinationID="4"
            optional="false"
            sourceField=".instance"
            sourceID="3"
            violates_sync="true" />
        <DataMapping
            condition=""
            destinationField=".instance"
            destinationID="1"
            optional="false"
            sourceField="FILE_LOC"
            sourceID="4"
            violates_sync="true" />
      </DataGraph>
    </DataAdapter>
  </PackageEntry>
