<?xml version="1.0" encoding="UTF-8"?>
<!DOCTYPE FormProcess [] >
  <PackageEntry>
    <ImportDeclaration
        name="EIWorkItem">
      <PackageSpecifier
          name="">
        <PackageName
            name="CoreWorkflow" />
        <PackageName
            name="API" />
        <PackageName
            name="Interfaces" />
      </PackageSpecifier>
      <PackageEntryReference
          name="EIWorkItem" />
    </ImportDeclaration>
    <ImportDeclaration
        name="OutcomeCodes">
      <PackageSpecifier
          name="">
        <PackageName
            name="FrameworkEVA" />
        <PackageName
            name="Implementation" />
        <PackageName
            name="OutcomeCodes" />
        <PackageName
            name="Objects" />
      </PackageSpecifier>
      <PackageEntryReference
          name="OutcomeCodes" />
    </ImportDeclaration>
    <ImportDeclaration
        name="EIContext">
      <PackageSpecifier
          name="">
        <PackageName
            name="FrameworkEVA" />
        <PackageName
            name="API" />
        <PackageName
            name="Interfaces" />
      </PackageSpecifier>
      <PackageEntryReference
          name="EIContext" />
    </ImportDeclaration>
    <ImportDeclaration
        name="EIDisplayMessage">
      <PackageSpecifier
          name="">
        <PackageName
            name="FrameworkNotifications" />
        <PackageName
            name="API" />
      </PackageSpecifier>
      <PackageEntryReference
          name="EIDisplayMessage" />
    </ImportDeclaration>
    <ImportDeclaration
        name="EIDeletable">
      <PackageSpecifier
          name="">
        <PackageName
            name="FrameworkEVA" />
        <PackageName
            name="API" />
        <PackageName
            name="Interfaces" />
      </PackageSpecifier>
      <PackageEntryReference
          name="EIDeletable" />
    </ImportDeclaration>
    <ImportDeclaration
        name="CoreTranslationWrapper">
      <PackageSpecifier
          name="">
        <PackageName
            name="CoreCommon" />
        <PackageName
            name="API" />
        <PackageName
            name="Objects" />
      </PackageSpecifier>
      <PackageEntryReference
          name="CoreTranslationWrapper" />
    </ImportDeclaration>
    <ImportDeclaration
        name="WorkItemConcludeSuccessEvent">
      <PackageSpecifier
          name="">
        <PackageName
            name="CoreWorkflow" />
        <PackageName
            name="API" />
        <PackageName
            name="Events" />
      </PackageSpecifier>
      <PackageEntryReference
          name="WorkItemConcludeSuccessEvent" />
    </ImportDeclaration>
    <ImportDeclaration
        name="EICase">
      <PackageSpecifier
          name="">
        <PackageName
            name="FrameworkCaseHandling" />
        <PackageName
            name="API" />
        <PackageName
            name="Interfaces" />
      </PackageSpecifier>
      <PackageEntryReference
          name="EICase" />
    </ImportDeclaration>
    <FormProcess
        appearsInHistory="true"
        cyclic="false"
        designNotes="Undefined"
        exceptionStrategy="1"
        icon=""
        isPrivate="false"
        logicalDatabaseConnection=""
        name="DisplayWorkItemControls"
        nested="false"
        pointOfNoReturn="false"
        transactionBehaviour="TX_NOT_SUPPORTED"
        version="10"
        waitOnChildren="false">
      <InstanceFields>
        <ObjectField
            isAggregate="false"
            isAttribute="false"
            name="formHolder">
          <ObjectField_loc
              locale="">
            <Format />
          </ObjectField_loc>
          <TypeDefinitionReference
              name="GTFormHolderControl"
              nested="false" />
        </ObjectField>
        <FormField
            designNotes=""
            isAggregate="false"
            isAttribute="false"
            name="form">
          <FormField_loc
              locale="">
            <Format />
          </FormField_loc>
          <TypeDefinitionReference
              name="DisplayWorkItemControlsForm"
              nested="false" />
        </FormField>
        <IntegerField
            designNotes=""
            isAttribute="false"
            name="outcome">
          <IntegerField_loc
              locale="">
            <Format />
          </IntegerField_loc>
        </IntegerField>
        <ObjectField
            designNotes=""
            isAggregate="false"
            isAttribute="false"
            name="entity">
          <ObjectField_loc
              locale="">
            <Format />
          </ObjectField_loc>
          <TypeDefinitionReference
              name="EIWorkItem"
              nested="false" />
        </ObjectField>
        <ObjectField
            designNotes=""
            isAggregate="false"
            isAttribute="false"
            name="context">
          <ObjectField_loc
              locale="">
            <Format />
          </ObjectField_loc>
          <TypeDefinitionReference
              name="EIContext"
              nested="false" />
        </ObjectField>
      </InstanceFields>
      <InstanceProcedures
          name="">
        <Procedure
            name="setPendOutcome"
            nested="true" />
        <Procedure
            name="canContinue"
            nested="true" />
        <Procedure
            name="setRestoreOutcome"
            nested="true" />
        <Procedure
            name="setReassignOutcome"
            nested="true" />
      </InstanceProcedures>
      <Form
          name="DisplayWorkItemControlsForm"
          nested="true" />
      <StartNode
          displayName=""
          name=""
          x="22"
          y="272" />
      <EndNode
          displayName=""
          name=""
          x="656"
          y="640" />
      <ThisNode
          displayName=""
          name="fieldStore0"
          x="326"
          y="304" />
      <ThisNode
          displayName=""
          name="fieldStore1"
          x="326"
          y="464" />
      <ThisNode
          displayName=""
          name="fieldStore2"
          x="326"
          y="624" />
      <ThisNode
          displayName=""
          name="fieldStore3"
          x="326"
          y="784" />
      <ProcedureCall
          builtIn="false"
          classMethod="false"
          displayName=""
          methodName="setPendOutcome"
          name="setPendOutcome"
          resultType=""
          type="FormProcess"
          x="438"
          y="880">
        <RecordDefinitionReference
            name="DisplayWorkItemControls"
            nested="false" />
      </ProcedureCall>
      <ProcedureCall
          builtIn="false"
          classMethod="false"
          displayName=""
          methodName="setRestoreOutcome"
          name="setRestoreOutcome"
          resultType=""
          type="FormProcess"
          x="438"
          y="720">
        <RecordDefinitionReference
            name="DisplayWorkItemControls"
            nested="false" />
      </ProcedureCall>
      <ProcedureCall
          builtIn="false"
          classMethod="false"
          displayName=""
          methodName="setReassignOutcome"
          name="setReassignOutcome"
          resultType=""
          type="FormProcess"
          x="438"
          y="560">
        <RecordDefinitionReference
            name="DisplayWorkItemControls"
            nested="false" />
      </ProcedureCall>
      <DoNothingNode
          displayName=""
          name="wait"
          x="150"
          y="272" />
      <DoNothingNode
          displayName=""
          name="checkOutcome"
          x="518"
          y="400" />
      <VerbRunner
          displayName=""
          executeAsAsynchronous="false"
          name="concludeSubmit"
          waitOnParent="false"
          x="326"
          y="400">
        <ProcessDefinitionReference
            name=""
            nested="false" />
        <EntityInterfaceDefinitionReference
            entityInterfaceName="EIWorkItem"
            name="EIWorkItem"
            nested="false"
            verbName="concludeSubmit" />
      </VerbRunner>
      <VerbRunner
          displayName=""
          executeAsAsynchronous="false"
          name="concludeRestore"
          waitOnParent="false"
          x="326"
          y="720">
        <ProcessDefinitionReference
            name=""
            nested="false" />
        <EntityInterfaceDefinitionReference
            entityInterfaceName="EIWorkItem"
            name="EIWorkItem"
            nested="false"
            verbName="concludeRestore" />
      </VerbRunner>
      <VerbRunner
          displayName=""
          executeAsAsynchronous="false"
          name="concludePend"
          waitOnParent="false"
          x="326"
          y="880">
        <ProcessDefinitionReference
            name=""
            nested="false" />
        <EntityInterfaceDefinitionReference
            entityInterfaceName="EIWorkItem"
            name="EIWorkItem"
            nested="false"
            verbName="concludePend" />
      </VerbRunner>
      <VerbRunner
          displayName=""
          executeAsAsynchronous="false"
          name="concludeReassign"
          waitOnParent="false"
          x="326"
          y="560">
        <ProcessDefinitionReference
            name=""
            nested="false" />
        <EntityInterfaceDefinitionReference
            entityInterfaceName="EIWorkItem"
            name="EIWorkItem"
            nested="false"
            verbName="concludeReassign" />
      </VerbRunner>
      <Transition
          isExceptionTransition="false">
        <StartNodeReference
            name="" />
        <ToNode
            name="wait" />
        <GraphNodeList
            name="">
          <GraphNode
              icon=""
              isLabelHolder="true"
              label=""
              name=""
              x="86"
              y="272" />
        </GraphNodeList>
      </Transition>
      <Transition
          eventSource="form.btnSubmit"
          isExceptionTransition="false"
          name="transition0">
        <EventDefinitionReference
            logicalUrl=""
            name="Action"
            nested="false" />
        <FromNode
            name="wait" />
        <ToNode
            name="concludeSubmit" />
        <GraphNodeList
            name="">
          <GraphNode
              icon=""
              isLabelHolder="true"
              label=""
              name=""
              x="150"
              y="400" />
        </GraphNodeList>
      </Transition>
      <Transition
          eventSource="form.btnReassign"
          isExceptionTransition="false"
          name="transition1">
        <EventDefinitionReference
            logicalUrl=""
            name="Action"
            nested="false" />
        <FromNode
            name="wait" />
        <ToNode
            name="concludeReassign" />
        <GraphNodeList
            name="">
          <GraphNode
              icon=""
              isLabelHolder="true"
              label=""
              name=""
              x="150"
              y="560" />
        </GraphNodeList>
      </Transition>
      <Transition
          eventSource="form.btnRestore"
          isExceptionTransition="false"
          name="transition2">
        <EventDefinitionReference
            logicalUrl=""
            name="Action"
            nested="false" />
        <FromNode
            name="wait" />
        <ToNode
            name="concludeRestore" />
        <GraphNodeList
            name="">
          <GraphNode
              icon=""
              isLabelHolder="true"
              label=""
              name=""
              x="150"
              y="720" />
        </GraphNodeList>
      </Transition>
      <Transition
          eventSource="form.btnPend"
          isExceptionTransition="false"
          name="transition3">
        <EventDefinitionReference
            logicalUrl=""
            name="Action"
            nested="false" />
        <FromNode
            name="wait" />
        <ToNode
            name="concludePend" />
        <GraphNodeList
            name="">
          <GraphNode
              icon=""
              isLabelHolder="true"
              label=""
              name=""
              x="150"
              y="880" />
        </GraphNodeList>
      </Transition>
      <Transition
          isExceptionTransition="false"
          name="transition6">
        <FromNode
            name="concludeReassign" />
        <ToNode
            name="setReassignOutcome" />
        <GraphNodeList
            name="">
          <GraphNode
              icon=""
              isLabelHolder="true"
              label=""
              name=""
              x="390"
              y="560" />
        </GraphNodeList>
      </Transition>
      <Transition
          isExceptionTransition="false"
          name="transition7">
        <FromNode
            name="concludeRestore" />
        <ToNode
            name="setRestoreOutcome" />
        <GraphNodeList
            name="">
          <GraphNode
              icon=""
              isLabelHolder="true"
              label=""
              name=""
              x="390"
              y="720" />
        </GraphNodeList>
      </Transition>
      <Transition
          isExceptionTransition="false"
          name="transition8">
        <FromNode
            name="setPendOutcome" />
        <ToNode
            name="checkOutcome" />
        <GraphNodeList
            name="">
          <GraphNode
              icon=""
              isLabelHolder="true"
              label=""
              name=""
              x="518"
              y="880" />
        </GraphNodeList>
      </Transition>
      <Transition
          isExceptionTransition="false"
          name="transition11">
        <FromNode
            name="concludePend" />
        <ToNode
            name="setPendOutcome" />
        <GraphNodeList
            name="">
          <GraphNode
              icon=""
              isLabelHolder="true"
              label=""
              name=""
              x="390"
              y="880" />
        </GraphNodeList>
      </Transition>
      <Transition
          isExceptionTransition="false"
          name="transition13">
        <FromNode
            name="setReassignOutcome" />
        <ToNode
            name="checkOutcome" />
        <GraphNodeList
            name="">
          <GraphNode
              icon=""
              isLabelHolder="true"
              label=""
              name=""
              x="518"
              y="560" />
        </GraphNodeList>
      </Transition>
      <Transition
          isExceptionTransition="false"
          name="transition14">
        <FromNode
            name="setRestoreOutcome" />
        <ToNode
            name="checkOutcome" />
        <GraphNodeList
            name="">
          <GraphNode
              icon=""
              isLabelHolder="true"
              label=""
              name=""
              x="518"
              y="720" />
        </GraphNodeList>
      </Transition>
      <Transition
          isExceptionTransition="false"
          name="transition5">
        <FromNode
            name="concludeSubmit" />
        <ToNode
            name="checkOutcome" />
        <GraphNodeList
            name="">
          <GraphNode
              icon=""
              isLabelHolder="true"
              label=""
              name=""
              x="438"
              y="400" />
        </GraphNodeList>
      </Transition>
      <OrSplitTransition
          isExceptionTransition="false"
          name="orsplit0"
          x="582"
          y="400">
        <Condition
            exceptionStrategy="0"
            language="EcmaScript"
            name=""
            version="">
          <Verbatim
              fieldName="text">
<![CDATA[this.canContinue()]]>
          </Verbatim>
        </Condition>
        <FromNode
            name="checkOutcome" />
        <EndNodeReference
            name="" />
        <GraphNodeList
            name="">
          <GraphNode
              icon=""
              isLabelHolder="true"
              label=""
              name=""
              x="656"
              y="496" />
        </GraphNodeList>
        <Transition
            isExceptionTransition="false"
            name="orsplit0_elseTransition">
          <ToNode
              name="wait" />
          <GraphNodeList
              name="">
            <GraphNode
                icon=""
                isLabelHolder="true"
                label=""
                name=""
                x="582"
                y="272" />
          </GraphNodeList>
        </Transition>
      </OrSplitTransition>
      <Result
          from=""
          name="outcome"
          to="" />
      <Parameter
          from=""
          name="formHolder"
          to="" />
      <Parameter
          from=""
          name="entity"
          to="" />
      <Parameter
          from=""
          name="context"
          to="" />
      <DataFlow>
        <FromNode
            name="concludeSubmit" />
        <ToNode
            name="fieldStore0" />
        <DataFlowEntry>
          <FromField>
            <ParameterAssignment
                exceptionStrategy="0"
                language="EcmaScript"
                name=""
                version="">
              <Verbatim
                  fieldName="text">
<![CDATA[outcome]]>
              </Verbatim>
            </ParameterAssignment>
          </FromField>
          <ToField>
            <FieldDefinitionReference
                name="outcome" />
          </ToField>
        </DataFlowEntry>
        <GraphNodeList
            name="">
          <GraphNode
              icon=""
              isLabelHolder="true"
              label=""
              name=""
              x="262"
              y="352" />
        </GraphNodeList>
      </DataFlow>
      <DataFlow>
        <FromNode
            name="fieldStore0" />
        <ToNode
            name="concludeSubmit" />
        <DataFlowEntry>
          <FromField>
            <ParameterAssignment
                exceptionStrategy="0"
                language="EcmaScript"
                name=""
                version="">
              <Verbatim
                  fieldName="text">
<![CDATA[entity]]>
              </Verbatim>
            </ParameterAssignment>
          </FromField>
          <ToField>
            <FieldDefinitionReference
                name="entity" />
          </ToField>
        </DataFlowEntry>
        <DataFlowEntry>
          <FromField>
            <ParameterAssignment
                exceptionStrategy="0"
                language="EcmaScript"
                name=""
                version="">
              <Verbatim
                  fieldName="text">
<![CDATA[context]]>
              </Verbatim>
            </ParameterAssignment>
          </FromField>
          <ToField>
            <FieldDefinitionReference
                name="context" />
          </ToField>
        </DataFlowEntry>
        <DataFlowEntry>
          <FromField>
            <ParameterAssignment
                exceptionStrategy="0"
                language="EcmaScript"
                name=""
                version="">
              <Verbatim
                  fieldName="text">
<![CDATA[true]]>
              </Verbatim>
            </ParameterAssignment>
          </FromField>
          <ToField>
            <FieldDefinitionReference
                name="onFailShowError" />
          </ToField>
        </DataFlowEntry>
        <GraphNodeList
            name="">
          <GraphNode
              icon=""
              isLabelHolder="true"
              label=""
              name=""
              x="390"
              y="352" />
        </GraphNodeList>
      </DataFlow>
      <DataFlow>
        <FromNode
            name="concludeReassign" />
        <ToNode
            name="fieldStore1" />
        <DataFlowEntry>
          <FromField>
            <ParameterAssignment
                exceptionStrategy="0"
                language="EcmaScript"
                name=""
                version="">
              <Verbatim
                  fieldName="text">
<![CDATA[outcome]]>
              </Verbatim>
            </ParameterAssignment>
          </FromField>
          <ToField>
            <FieldDefinitionReference
                name="outcome" />
          </ToField>
        </DataFlowEntry>
        <GraphNodeList
            name="">
          <GraphNode
              icon=""
              isLabelHolder="true"
              label=""
              name=""
              x="262"
              y="512" />
        </GraphNodeList>
      </DataFlow>
      <DataFlow>
        <FromNode
            name="concludeRestore" />
        <ToNode
            name="fieldStore2" />
        <DataFlowEntry>
          <FromField>
            <ParameterAssignment
                exceptionStrategy="0"
                language="EcmaScript"
                name=""
                version="">
              <Verbatim
                  fieldName="text">
<![CDATA[outcome]]>
              </Verbatim>
            </ParameterAssignment>
          </FromField>
          <ToField>
            <FieldDefinitionReference
                name="outcome" />
          </ToField>
        </DataFlowEntry>
        <GraphNodeList
            name="">
          <GraphNode
              icon=""
              isLabelHolder="true"
              label=""
              name=""
              x="262"
              y="672" />
        </GraphNodeList>
      </DataFlow>
      <DataFlow>
        <FromNode
            name="concludePend" />
        <ToNode
            name="fieldStore3" />
        <DataFlowEntry>
          <FromField>
            <ParameterAssignment
                exceptionStrategy="0"
                language="EcmaScript"
                name=""
                version="">
              <Verbatim
                  fieldName="text">
<![CDATA[outcome]]>
              </Verbatim>
            </ParameterAssignment>
          </FromField>
          <ToField>
            <FieldDefinitionReference
                name="outcome" />
          </ToField>
        </DataFlowEntry>
        <GraphNodeList
            name="">
          <GraphNode
              icon=""
              isLabelHolder="true"
              label=""
              name=""
              x="262"
              y="832" />
        </GraphNodeList>
      </DataFlow>
      <DataFlow>
        <FromNode
            name="fieldStore1" />
        <ToNode
            name="concludeReassign" />
        <DataFlowEntry>
          <FromField>
            <ParameterAssignment
                exceptionStrategy="0"
                language="EcmaScript"
                name=""
                version="">
              <Verbatim
                  fieldName="text">
<![CDATA[entity]]>
              </Verbatim>
            </ParameterAssignment>
          </FromField>
          <ToField>
            <FieldDefinitionReference
                name="entity" />
          </ToField>
        </DataFlowEntry>
        <DataFlowEntry>
          <FromField>
            <ParameterAssignment
                exceptionStrategy="0"
                language="EcmaScript"
                name=""
                version="">
              <Verbatim
                  fieldName="text">
<![CDATA[true]]>
              </Verbatim>
            </ParameterAssignment>
          </FromField>
          <ToField>
            <FieldDefinitionReference
                name="onFailShowError" />
          </ToField>
        </DataFlowEntry>
        <DataFlowEntry>
          <FromField>
            <ParameterAssignment
                exceptionStrategy="0"
                language="EcmaScript"
                name=""
                version="">
              <Verbatim
                  fieldName="text">
<![CDATA[context]]>
              </Verbatim>
            </ParameterAssignment>
          </FromField>
          <ToField>
            <FieldDefinitionReference
                name="context" />
          </ToField>
        </DataFlowEntry>
        <GraphNodeList
            name="">
          <GraphNode
              icon=""
              isLabelHolder="true"
              label=""
              name=""
              x="406"
              y="512" />
        </GraphNodeList>
      </DataFlow>
      <DataFlow>
        <FromNode
            name="fieldStore2" />
        <ToNode
            name="concludeRestore" />
        <DataFlowEntry>
          <FromField>
            <ParameterAssignment
                exceptionStrategy="0"
                language="EcmaScript"
                name=""
                version="">
              <Verbatim
                  fieldName="text">
<![CDATA[context]]>
              </Verbatim>
            </ParameterAssignment>
          </FromField>
          <ToField>
            <FieldDefinitionReference
                name="context" />
          </ToField>
        </DataFlowEntry>
        <DataFlowEntry>
          <FromField>
            <ParameterAssignment
                exceptionStrategy="0"
                language="EcmaScript"
                name=""
                version="">
              <Verbatim
                  fieldName="text">
<![CDATA[entity]]>
              </Verbatim>
            </ParameterAssignment>
          </FromField>
          <ToField>
            <FieldDefinitionReference
                name="entity" />
          </ToField>
        </DataFlowEntry>
        <DataFlowEntry>
          <FromField>
            <ParameterAssignment
                exceptionStrategy="0"
                language="EcmaScript"
                name=""
                version="">
              <Verbatim
                  fieldName="text">
<![CDATA[true]]>
              </Verbatim>
            </ParameterAssignment>
          </FromField>
          <ToField>
            <FieldDefinitionReference
                name="onFailShowError" />
          </ToField>
        </DataFlowEntry>
        <GraphNodeList
            name="">
          <GraphNode
              icon=""
              isLabelHolder="true"
              label=""
              name=""
              x="406"
              y="672" />
        </GraphNodeList>
      </DataFlow>
      <DataFlow>
        <FromNode
            name="fieldStore3" />
        <ToNode
            name="concludePend" />
        <DataFlowEntry>
          <FromField>
            <ParameterAssignment
                exceptionStrategy="0"
                language="EcmaScript"
                name=""
                version="">
              <Verbatim
                  fieldName="text">
<![CDATA[entity]]>
              </Verbatim>
            </ParameterAssignment>
          </FromField>
          <ToField>
            <FieldDefinitionReference
                name="entity" />
          </ToField>
        </DataFlowEntry>
        <DataFlowEntry>
          <FromField>
            <ParameterAssignment
                exceptionStrategy="0"
                language="EcmaScript"
                name=""
                version="">
              <Verbatim
                  fieldName="text">
<![CDATA[context]]>
              </Verbatim>
            </ParameterAssignment>
          </FromField>
          <ToField>
            <FieldDefinitionReference
                name="context" />
          </ToField>
        </DataFlowEntry>
        <DataFlowEntry>
          <FromField>
            <ParameterAssignment
                exceptionStrategy="0"
                language="EcmaScript"
                name=""
                version="">
              <Verbatim
                  fieldName="text">
<![CDATA[true]]>
              </Verbatim>
            </ParameterAssignment>
          </FromField>
          <ToField>
            <FieldDefinitionReference
                name="showErrors" />
          </ToField>
        </DataFlowEntry>
        <GraphNodeList
            name="">
          <GraphNode
              icon=""
              isLabelHolder="true"
              label=""
              name=""
              x="406"
              y="832" />
        </GraphNodeList>
      </DataFlow>
      <BuilderInfo
          name="" />
      <TopicScope
          defineTopicScope="false"
          name="" />
      <OnEntryProcedure
          name="onEntry"
          nested="true" />
      <FormReference
          name="DisplayWorkItemControlsForm"
          nested="false" />
    </FormProcess>
  </PackageEntry>
